comuna,comuna_label,year,indice,h4,h6,h10,hlibre,h_prom_m
CERRILLOS,Cerrillos,1997,8.9424,0.398,0.398,0.398,0.398,12.1974
CERRILLOS,Cerrillos,1998,8.9424,0.398,0.398,0.398,0.398,12.1974
CERRILLOS,Cerrillos,1999,8.9424,0.398,0.398,0.398,0.398,12.1974
CERRILLOS,Cerrillos,2000,8.9356,0.4025,0.4025,0.4025,0.4025,12.1788
CERRILLOS,Cerrillos,2001,8.9356,0.4025,0.4025,0.4025,0.4025,12.1788
CERRILLOS,Cerrillos,2002,8.9356,0.4025,0.4025,0.4025,0.4025,12.1788
CERRILLOS,Cerrillos,2003,8.9356,0.4025,0.4025,0.4025,0.4025,12.1788
CERRILLOS,Cerrillos,2004,8.9356,0.4025,0.4025,0.4025,0.4025,12.1788
CERRILLOS,Cerrillos,2005,8.9356,0.4025,0.4025,0.4025,0.4025,12.1788
CERRILLOS,Cerrillos,2006,9.251,0.5811,0.5811,0.5811,0.5811,12.1727
CERRILLOS,Cerrillos,2007,9.251,0.5811,0.5811,0.5811,0.5811,12.1727
CERRILLOS,Cerrillos,2008,9.251,0.5811,0.5811,0.5811,0.5811,12.1727
CERRILLOS,Cerrillos,2009,9.251,0.5811,0.5811,0.5811,0.5811,12.1727
CERRILLOS,Cerrillos,2010,9.251,0.5811,0.5811,0.5811,0.5811,12.1727
CERRILLOS,Cerrillos,2011,9.251,0.5811,0.5811,0.5811,0.5811,12.1727
CERRILLOS,Cerrillos,2012,9.251,0.5811,0.5811,0.5811,0.5811,12.1727
CERRILLOS,Cerrillos,2013,9.251,0.5811,0.5811,0.5811,0.5811,12.1727
CERRILLOS,Cerrillos,2014,9.251,0.5811,0.5811,0.5811,0.5811,12.1727
CERRILLOS,Cerrillos,2015,9.2523,0.5818,0.5818,0.5818,0.5818,12.1727
CERRILLOS,Cerrillos,2016,8.829,0.5742,0.5742,0.4622,0.2801,19.1212
CERRILLOS,Cerrillos,2017,8.829,0.5742,0.5742,0.4622,0.2801,19.1212
CERRILLOS,Cerrillos,2018,8.829,0.5742,0.5742,0.4622,0.2801,19.1212
CERRILLOS,Cerrillos,2019,8.829,0.5742,0.5742,0.4622,0.2801,18.9867
CERRILLOS,Cerrillos,2020,8.829,0.5742,0.5742,0.4622,0.2801,18.9867
CERRILLOS,Cerrillos,2021,8.829,0.5742,0.5742,0.4622,0.2801,18.9867
CERRILLOS,Cerrillos,2022,8.829,0.5742,0.5742,0.4622,0.2801,18.9867
CERRILLOS,Cerrillos,2023,8.829,0.5742,0.5742,0.4622,0.2801,18.9867
CERRILLOS,Cerrillos,2024,8.829,0.5742,0.5742,0.4622,0.2801,18.9867
CERRO NAVIA,Cerro Navia,1997,8.9918,1.0,1.0,1.0,1.0,12.1504
CERRO NAVIA,Cerro Navia,1998,8.9918,1.0,1.0,1.0,1.0,12.1504
CERRO NAVIA,Cerro Navia,1999,8.9918,1.0,1.0,1.0,1.0,12.1504
CERRO NAVIA,Cerro Navia,2000,8.9918,1.0,1.0,1.0,1.0,12.1504
CERRO NAVIA,Cerro Navia,2001,8.9847,1.0,1.0,1.0,1.0,12.1291
CERRO NAVIA,Cerro Navia,2002,8.9847,1.0,1.0,1.0,1.0,12.1291
CERRO NAVIA,Cerro Navia,2003,8.9847,1.0,1.0,1.0,1.0,12.1291
CERRO NAVIA,Cerro Navia,2004,8.9847,1.0,1.0,1.0,1.0,12.1291
CERRO NAVIA,Cerro Navia,2005,8.9847,1.0,1.0,1.0,1.0,12.1291
CERRO NAVIA,Cerro Navia,2006,8.9847,1.0,1.0,1.0,1.0,12.1291
CERRO NAVIA,Cerro Navia,2007,8.9847,1.0,1.0,1.0,1.0,12.1291
CERRO NAVIA,Cerro Navia,2008,8.9847,1.0,1.0,1.0,1.0,12.1291
CERRO NAVIA,Cerro Navia,2009,8.9847,1.0,1.0,1.0,1.0,12.1291
CERRO NAVIA,Cerro Navia,2010,8.7777,0.954,0.954,0.954,0.954,11.897
CERRO NAVIA,Cerro Navia,2011,8.7777,0.954,0.954,0.954,0.954,11.897
CERRO NAVIA,Cerro Navia,2012,8.7777,0.954,0.954,0.954,0.954,11.897
CERRO NAVIA,Cerro Navia,2013,8.7777,0.954,0.954,0.954,0.954,11.897
CERRO NAVIA,Cerro Navia,2014,8.7777,0.954,0.954,0.954,0.954,11.897
CERRO NAVIA,Cerro Navia,2015,8.7777,0.954,0.954,0.954,0.954,11.897
CERRO NAVIA,Cerro Navia,2016,8.7777,0.954,0.954,0.954,0.954,11.897
CERRO NAVIA,Cerro Navia,2017,8.7766,0.9539,0.9539,0.9539,0.9539,11.895
CERRO NAVIA,Cerro Navia,2018,8.7766,0.9539,0.9539,0.9539,0.9539,11.895
CERRO NAVIA,Cerro Navia,2019,5.9865,0.2771,0.0,0.0,0.0,10.2835
CERRO NAVIA,Cerro Navia,2020,5.9865,0.2771,0.0,0.0,0.0,10.2835
CERRO NAVIA,Cerro Navia,2021,5.9865,0.2771,0.0,0.0,0.0,10.2835
CERRO NAVIA,Cerro Navia,2022,5.9865,0.2771,0.0,0.0,0.0,10.2835
CERRO NAVIA,Cerro Navia,2023,5.9865,0.2771,0.0,0.0,0.0,10.2835
CERRO NAVIA,Cerro Navia,2024,5.9865,0.2771,0.0,0.0,0.0,10.2835
CONCHALÍ,Conchalí,1997,12.0,1.0,1.0,1.0,1.0,
CONCHALÍ,Conchalí,1998,12.0,1.0,1.0,1.0,1.0,
CONCHALÍ,Conchalí,1999,12.0,1.0,1.0,1.0,1.0,
CONCHALÍ,Conchalí,2000,12.0,1.0,1.0,1.0,1.0,
CONCHALÍ,Conchalí,2001,12.0,1.0,1.0,1.0,1.0,
CONCHALÍ,Conchalí,2002,12.0,1.0,1.0,1.0,1.0,
CONCHALÍ,Conchalí,2003,12.0,1.0,1.0,1.0,1.0,
CONCHALÍ,Conchalí,2004,12.0,1.0,1.0,1.0,1.0,
CONCHALÍ,Conchalí,2005,12.0,1.0,1.0,1.0,1.0,
CONCHALÍ,Conchalí,2006,12.0,1.0,1.0,1.0,1.0,
CONCHALÍ,Conchalí,2007,12.0,1.0,1.0,1.0,1.0,
CONCHALÍ,Conchalí,2008,12.0,1.0,1.0,1.0,1.0,
CONCHALÍ,Conchalí,2009,12.0,1.0,1.0,1.0,1.0,
CONCHALÍ,Conchalí,2010,12.0,1.0,1.0,1.0,1.0,
CONCHALÍ,Conchalí,2011,12.0,1.0,1.0,1.0,1.0,
CONCHALÍ,Conchalí,2012,12.0,1.0,1.0,1.0,1.0,
CONCHALÍ,Conchalí,2013,10.5403,0.6289,0.6289,0.6289,0.6289,11.0
CONCHALÍ,Conchalí,2014,10.5403,0.6289,0.6289,0.6289,0.6289,11.0
CONCHALÍ,Conchalí,2015,10.5403,0.6289,0.6289,0.6289,0.6289,11.0
CONCHALÍ,Conchalí,2016,10.5403,0.6289,0.6289,0.6289,0.6289,11.0
CONCHALÍ,Conchalí,2017,10.5403,0.6289,0.6289,0.6289,0.6289,11.0
CONCHALÍ,Conchalí,2018,10.5403,0.6289,0.6289,0.6289,0.6289,11.0
CONCHALÍ,Conchalí,2019,10.5403,0.6289,0.6289,0.6289,0.6289,11.0
CONCHALÍ,Conchalí,2020,10.5403,0.6289,0.6289,0.6289,0.6289,11.0
CONCHALÍ,Conchalí,2021,10.5403,0.6289,0.6289,0.6289,0.6289,11.0
CONCHALÍ,Conchalí,2022,10.5403,0.6289,0.6289,0.6289,0.6289,11.0
CONCHALÍ,Conchalí,2023,10.5403,0.6289,0.6289,0.6289,0.6289,11.0
CONCHALÍ,Conchalí,2024,10.5403,0.6289,0.6289,0.6289,0.6289,11.0
EL BOSQUE,El Bosque,1997,8.9966,0.1617,0.1617,0.1617,0.1617,10.0919
EL BOSQUE,El Bosque,1998,8.9966,0.1617,0.1617,0.1617,0.1617,10.0919
EL BOSQUE,El Bosque,1999,8.9966,0.1617,0.1617,0.1617,0.1617,10.0919
EL BOSQUE,El Bosque,2000,8.9966,0.1617,0.1617,0.1617,0.1617,10.0919
EL BOSQUE,El Bosque,2001,8.9966,0.1617,0.1617,0.1617,0.1617,10.0919
EL BOSQUE,El Bosque,2002,8.9966,0.1617,0.1617,0.1617,0.1617,10.0919
EL BOSQUE,El Bosque,2003,8.9966,0.1617,0.1617,0.1617,0.1617,10.0919
EL BOSQUE,El Bosque,2004,8.9966,0.1617,0.1617,0.1617,0.1617,10.0919
EL BOSQUE,El Bosque,2005,8.9966,0.1617,0.1617,0.1617,0.1617,10.0919
EL BOSQUE,El Bosque,2006,8.9966,0.1617,0.1617,0.1617,0.1617,10.0919
EL BOSQUE,El Bosque,2007,10.0372,0.3052,0.1504,0.1504,0.1504,12.1349
EL BOSQUE,El Bosque,2008,10.0372,0.3052,0.1504,0.1504,0.1504,12.1349
EL BOSQUE,El Bosque,2009,10.0372,0.3052,0.1504,0.1504,0.1504,12.1349
EL BOSQUE,El Bosque,2010,10.0372,0.3052,0.1504,0.1504,0.1504,12.1349
EL BOSQUE,El Bosque,2011,10.7245,0.9925,0.1504,0.1504,0.1504,13.9066
EL BOSQUE,El Bosque,2012,10.7245,0.9925,0.1504,0.1504,0.1504,13.9066
EL BOSQUE,El Bosque,2013,10.7245,0.9925,0.1504,0.1504,0.1504,13.9066
EL BOSQUE,El Bosque,2014,10.7245,0.9925,0.1504,0.1504,0.1504,13.9066
EL BOSQUE,El Bosque,2015,10.7245,0.9925,0.1504,0.1504,0.1504,13.9066
EL BOSQUE,El Bosque,2016,10.7245,0.9925,0.1504,0.1504,0.1504,13.9066
EL BOSQUE,El Bosque,2017,10.7245,0.9925,0.1504,0.1504,0.1504,13.9066
EL BOSQUE,El Bosque,2018,10.7245,0.9925,0.1504,0.1504,0.1504,13.9066
EL BOSQUE,El Bosque,2019,10.7245,0.9925,0.1504,0.1504,0.1504,13.9066
EL BOSQUE,El Bosque,2020,10.7245,0.9925,0.1504,0.1504,0.1504,13.9066
EL BOSQUE,El Bosque,2021,10.7245,0.9925,0.1504,0.1504,0.1504,13.9066
EL BOSQUE,El Bosque,2022,10.7245,0.9925,0.1504,0.1504,0.1504,13.9066
EL BOSQUE,El Bosque,2023,10.7245,0.9925,0.1504,0.1504,0.1504,13.9066
EL BOSQUE,El Bosque,2024,10.7245,0.9925,0.1504,0.1504,0.1504,13.9066
ESTACIÓN CENTRAL,Estación Central,1997,10.661,0.5456,0.5456,0.5456,0.5456,9.8091
ESTACIÓN CENTRAL,Estación Central,1998,10.661,0.5456,0.5456,0.5456,0.5456,9.8091
ESTACIÓN CENTRAL,Estación Central,1999,10.661,0.5456,0.5456,0.5456,0.5456,9.8091
ESTACIÓN CENTRAL,Estación Central,2000,10.661,0.5456,0.5456,0.5456,0.5456,9.8091
ESTACIÓN CENTRAL,Estación Central,2001,10.661,0.5456,0.5456,0.5456,0.5456,9.8091
ESTACIÓN CENTRAL,Estación Central,2002,10.6669,0.5509,0.5509,0.5509,0.5509,9.7459
ESTACIÓN CENTRAL,Estación Central,2003,10.6669,0.5509,0.5509,0.5509,0.5509,9.7459
ESTACIÓN CENTRAL,Estación Central,2004,10.6669,0.5509,0.5509,0.5509,0.5509,9.7459
ESTACIÓN CENTRAL,Estación Central,2005,10.6669,0.5509,0.5509,0.5509,0.5509,9.7459
ESTACIÓN CENTRAL,Estación Central,2006,10.6669,0.5509,0.5509,0.5509,0.5509,9.7459
ESTACIÓN CENTRAL,Estación Central,2007,10.6669,0.5509,0.5509,0.5509,0.5509,9.7459
ESTACIÓN CENTRAL,Estación Central,2008,10.6669,0.5509,0.5509,0.5509,0.5509,9.7459
ESTACIÓN CENTRAL,Estación Central,2009,10.66,0.5537,0.5537,0.5537,0.5537,9.7567
ESTACIÓN CENTRAL,Estación Central,2010,10.66,0.5537,0.5537,0.5537,0.5537,9.7567
ESTACIÓN CENTRAL,Estación Central,2011,10.66,0.5537,0.5537,0.5537,0.5537,9.7567
ESTACIÓN CENTRAL,Estación Central,2012,10.6639,0.555,0.555,0.555,0.555,9.7395
ESTACIÓN CENTRAL,Estación Central,2013,10.6639,0.555,0.555,0.555,0.555,9.7395
ESTACIÓN CENTRAL,Estación Central,2014,10.6639,0.555,0.555,0.555,0.555,9.7395
ESTACIÓN CENTRAL,Estación Central,2015,10.6639,0.555,0.555,0.555,0.555,9.7395
ESTACIÓN CENTRAL,Estación Central,2016,10.6639,0.555,0.555,0.555,0.555,9.7395
ESTACIÓN CENTRAL,Estación Central,2017,10.6583,0.5565,0.5532,0.5532,0.5532,9.7772
ESTACIÓN CENTRAL,Estación Central,2018,9.9291,0.4966,0.372,0.2792,0.2792,13.3269
ESTACIÓN CENTRAL,Estación Central,2019,9.9291,0.4966,0.372,0.2792,0.2792,13.3269
ESTACIÓN CENTRAL,Estación Central,2020,9.9291,0.4966,0.372,0.2792,0.2792,13.3269
ESTACIÓN CENTRAL,Estación Central,2021,9.9291,0.4966,0.372,0.2792,0.2792,13.3269
ESTACIÓN CENTRAL,Estación Central,2022,9.9254,0.4986,0.3745,0.2781,0.2781,13.3849
ESTACIÓN CENTRAL,Estación Central,2023,9.9254,0.4986,0.3745,0.2781,0.2781,13.3849
ESTACIÓN CENTRAL,Estación Central,2024,9.9254,0.4986,0.3745,0.2781,0.2781,13.3849
GRAN SANTIAGO,Gran Santiago,1997,9.1351,0.7882,0.7058,0.7042,0.7027,10.9494
GRAN SANTIAGO,Gran Santiago,1998,9.1363,0.7885,0.7062,0.7046,0.7031,10.9472
GRAN SANTIAGO,Gran Santiago,1999,9.0029,0.7801,0.7124,0.7086,0.7065,10.8839
GRAN SANTIAGO,Gran Santiago,2000,9.0454,0.7954,0.7275,0.7237,0.7215,10.9596
GRAN SANTIAGO,Gran Santiago,2001,8.706,0.7442,0.7097,0.7005,0.697,10.811
GRAN SANTIAGO,Gran Santiago,2002,8.4773,0.6821,0.6452,0.6339,0.629,10.9686
GRAN SANTIAGO,Gran Santiago,2003,8.0674,0.6494,0.6109,0.5988,0.5934,10.9882
GRAN SANTIAGO,Gran Santiago,2004,7.6199,0.6048,0.5446,0.5302,0.515,11.8386
GRAN SANTIAGO,Gran Santiago,2005,7.5192,0.5944,0.526,0.5113,0.492,12.1222
GRAN SANTIAGO,Gran Santiago,2006,7.3424,0.5726,0.5028,0.4882,0.4689,12.0671
GRAN SANTIAGO,Gran Santiago,2007,7.4063,0.583,0.5064,0.4868,0.4631,12.3712
GRAN SANTIAGO,Gran Santiago,2008,7.3974,0.5827,0.5069,0.4875,0.463,12.3581
GRAN SANTIAGO,Gran Santiago,2009,7.3571,0.5817,0.5013,0.4819,0.4574,12.3616
GRAN SANTIAGO,Gran Santiago,2010,7.3747,0.5833,0.5009,0.4809,0.4561,12.4364
GRAN SANTIAGO,Gran Santiago,2011,7.3827,0.5981,0.5005,0.4788,0.454,12.5078
GRAN SANTIAGO,Gran Santiago,2012,7.3451,0.5979,0.4891,0.4669,0.442,12.6069
GRAN SANTIAGO,Gran Santiago,2013,7.3617,0.6065,0.4867,0.4643,0.4394,12.6586
GRAN SANTIAGO,Gran Santiago,2014,7.2819,0.6025,0.4755,0.4464,0.4212,12.8125
GRAN SANTIAGO,Gran Santiago,2015,7.2753,0.599,0.4737,0.4462,0.4213,12.7549
GRAN SANTIAGO,Gran Santiago,2016,7.1756,0.5977,0.463,0.4207,0.3901,13.2545
GRAN SANTIAGO,Gran Santiago,2017,7.0448,0.5771,0.4404,0.3983,0.3676,13.1814
GRAN SANTIAGO,Gran Santiago,2018,6.9984,0.5749,0.4354,0.3918,0.363,13.082
GRAN SANTIAGO,Gran Santiago,2019,6.8809,0.5445,0.3998,0.3503,0.3225,13.0722
GRAN SANTIAGO,Gran Santiago,2020,6.8809,0.5445,0.3998,0.3503,0.3225,13.0722
GRAN SANTIAGO,Gran Santiago,2021,6.7792,0.5267,0.3799,0.3293,0.3,13.1056
GRAN SANTIAGO,Gran Santiago,2022,6.6968,0.5144,0.3559,0.305,0.2789,12.9775
GRAN SANTIAGO,Gran Santiago,2023,6.6968,0.5144,0.3559,0.305,0.2789,12.9775
GRAN SANTIAGO,Gran Santiago,2024,6.6914,0.5144,0.3554,0.2995,0.2735,13.0769
HUECHURABA,Huechuraba,1997,9.8463,1.0,1.0,1.0,1.0,
HUECHURABA,Huechuraba,1998,9.8463,1.0,1.0,1.0,1.0,
HUECHURABA,Huechuraba,1999,9.8463,1.0,1.0,1.0,1.0,
HUECHURABA,Huechuraba,2000,9.8463,1.0,1.0,1.0,1.0,
HUECHURABA,Huechuraba,2001,9.8463,1.0,1.0,1.0,1.0,
HUECHURABA,Huechuraba,2002,9.8463,1.0,1.0,1.0,1.0,
HUECHURABA,Huechuraba,2003,9.8463,1.0,1.0,1.0,1.0,
HUECHURABA,Huechuraba,2004,7.5378,0.6277,0.3899,0.3343,0.3255,12.5451
HUECHURABA,Huechuraba,2005,7.5378,0.6277,0.3899,0.3343,0.3255,12.5451
HUECHURABA,Huechuraba,2006,7.5378,0.6277,0.3899,0.3343,0.3255,12.5451
HUECHURABA,Huechuraba,2007,7.5378,0.6277,0.3899,0.3343,0.3255,12.5451
HUECHURABA,Huechuraba,2008,7.5385,0.6282,0.3893,0.3338,0.325,12.5475
HUECHURABA,Huechuraba,2009,7.5388,0.6284,0.3891,0.3336,0.3248,12.5487
HUECHURABA,Huechuraba,2010,7.5388,0.6284,0.3891,0.3336,0.3248,12.5487
HUECHURABA,Huechuraba,2011,7.5388,0.6284,0.3891,0.3336,0.3248,12.5487
HUECHURABA,Huechuraba,2012,7.5388,0.6284,0.3891,0.3336,0.3248,12.5487
HUECHURABA,Huechuraba,2013,7.5388,0.6284,0.3891,0.3336,0.3248,12.5487
HUECHURABA,Huechuraba,2014,7.5388,0.6284,0.3891,0.3336,0.3248,12.5487
HUECHURABA,Huechuraba,2015,7.5388,0.6284,0.3891,0.3336,0.3248,12.5487
HUECHURABA,Huechuraba,2016,7.5388,0.6284,0.3891,0.3336,0.3248,12.5487
HUECHURABA,Huechuraba,2017,7.5388,0.6284,0.3891,0.3336,0.3248,12.5487
HUECHURABA,Huechuraba,2018,7.5388,0.6284,0.3891,0.3336,0.3248,12.5487
HUECHURABA,Huechuraba,2019,6.9458,0.5235,0.1525,0.0968,0.088,13.3445
HUECHURABA,Huechuraba,2020,6.9458,0.5235,0.1525,0.0968,0.088,13.3445
HUECHURABA,Huechuraba,2021,6.9458,0.5235,0.1525,0.0968,0.088,13.3445
HUECHURABA,Huechuraba,2022,6.9458,0.5235,0.1525,0.0968,0.088,13.3445
HUECHURABA,Huechuraba,2023,6.9458,0.5235,0.1525,0.0968,0.088,13.3445
HUECHURABA,Huechuraba,2024,6.9458,0.5235,0.1525,0.0968,0.088,13.3445
INDEPENDENCIA,Independencia,1997,11.9892,1.0,0.9946,0.9946,0.9946,13.4243
INDEPENDENCIA,Independencia,1998,11.9892,1.0,0.9946,0.9946,0.9946,13.4243
INDEPENDENCIA,Independencia,1999,11.9892,1.0,0.9946,0.9946,0.9946,13.4243
INDEPENDENCIA,Independencia,2000,11.9892,1.0,0.9946,0.9946,0.9946,13.4243
INDEPENDENCIA,Independencia,2001,11.9892,1.0,0.9946,0.9946,0.9946,13.4243
INDEPENDENCIA,Independencia,2002,11.9892,1.0,0.9946,0.9946,0.9946,13.4243
INDEPENDENCIA,Independencia,2003,11.9892,1.0,0.9946,0.9946,0.9946,13.4243
INDEPENDENCIA,Independencia,2004,11.9892,1.0,0.9946,0.9946,0.9946,13.4243
INDEPENDENCIA,Independencia,2005,11.9892,1.0,0.9946,0.9946,0.9946,13.6373
INDEPENDENCIA,Independencia,2006,11.9272,1.0,0.9821,0.9821,0.9821,13.7465
INDEPENDENCIA,Independencia,2007,11.9272,1.0,0.9821,0.9821,0.9821,13.7465
INDEPENDENCIA,Independencia,2008,11.9272,1.0,0.9821,0.9821,0.9821,13.7465
INDEPENDENCIA,Independencia,2009,11.9272,1.0,0.9821,0.9821,0.9821,13.7465
INDEPENDENCIA,Independencia,2010,11.9272,1.0,0.9821,0.9821,0.9821,13.7465
INDEPENDENCIA,Independencia,2011,11.9272,1.0,0.9821,0.9821,0.9821,13.7465
INDEPENDENCIA,Independencia,2012,11.9272,1.0,0.9821,0.9821,0.9821,13.7465
INDEPENDENCIA,Independencia,2013,11.9272,1.0,0.9821,0.9821,0.9821,13.7465
INDEPENDENCIA,Independencia,2014,8.2115,0.8527,0.4184,0.0365,0.0037,21.5849
INDEPENDENCIA,Independencia,2015,8.2115,0.8527,0.4184,0.0365,0.0037,21.5849
INDEPENDENCIA,Independencia,2016,8.2115,0.8527,0.4184,0.0365,0.0037,21.5849
INDEPENDENCIA,Independencia,2017,8.2115,0.8527,0.4184,0.0365,0.0037,21.5849
INDEPENDENCIA,Independencia,2018,8.2115,0.8527,0.4184,0.0365,0.0037,21.5849
INDEPENDENCIA,Independencia,2019,8.2115,0.8527,0.4184,0.0365,0.0037,21.5849
INDEPENDENCIA,Independencia,2020,8.2115,0.8527,0.4184,0.0365,0.0037,21.5849
INDEPENDENCIA,Independencia,2021,8.2115,0.8527,0.4184,0.0365,0.0037,21.5849
INDEPENDENCIA,Independencia,2022,8.2115,0.8527,0.4184,0.0365,0.0037,21.5849
INDEPENDENCIA,Independencia,2023,8.2115,0.8527,0.4184,0.0365,0.0037,21.5849
INDEPENDENCIA,Independencia,2024,8.2115,0.8527,0.4184,0.0365,0.0037,21.5849
LA CISTERNA,La Cisterna,1997,10.2059,0.103,0.103,0.103,0.103,11.908
LA CISTERNA,La Cisterna,1998,10.2059,0.103,0.103,0.103,0.103,11.908
LA CISTERNA,La Cisterna,1999,10.2059,0.103,0.103,0.103,0.103,11.908
LA CISTERNA,La Cisterna,2000,10.2059,0.103,0.103,0.103,0.103,11.908
LA CISTERNA,La Cisterna,2001,10.2059,0.103,0.103,0.103,0.103,11.908
LA CISTERNA,La Cisterna,2002,10.1736,0.0868,0.0868,0.0868,0.0868,12.0
LA CISTERNA,La Cisterna,2003,10.1736,0.0868,0.0868,0.0868,0.0868,12.0
LA CISTERNA,La Cisterna,2004,7.5967,1.0,0.5648,0.5648,0.4305,19.7158
LA CISTERNA,La Cisterna,2005,7.5967,1.0,0.5648,0.5648,0.4305,19.7158
LA CISTERNA,La Cisterna,2006,7.5967,1.0,0.5648,0.5648,0.4305,19.7158
LA CISTERNA,La Cisterna,2007,7.5967,1.0,0.5648,0.5648,0.4305,19.7158
LA CISTERNA,La Cisterna,2008,7.5967,1.0,0.5648,0.5648,0.4305,19.7158
LA CISTERNA,La Cisterna,2009,7.5967,1.0,0.5648,0.5648,0.4305,19.7158
LA CISTERNA,La Cisterna,2010,7.5967,1.0,0.5648,0.5648,0.4305,19.7158
LA CISTERNA,La Cisterna,2011,7.5967,1.0,0.5648,0.5648,0.4305,19.7158
LA CISTERNA,La Cisterna,2012,7.5967,1.0,0.5648,0.5648,0.4305,19.7158
LA CISTERNA,La Cisterna,2013,7.5967,1.0,0.5648,0.5648,0.4305,19.7158
LA CISTERNA,La Cisterna,2014,7.5967,1.0,0.5648,0.5648,0.4305,19.7158
LA CISTERNA,La Cisterna,2015,7.5967,1.0,0.5648,0.5648,0.4305,19.7158
LA CISTERNA,La Cisterna,2016,7.5967,1.0,0.5648,0.5648,0.4305,19.7158
LA CISTERNA,La Cisterna,2017,7.5967,1.0,0.5648,0.5648,0.4305,19.7158
LA CISTERNA,La Cisterna,2018,7.5967,1.0,0.5648,0.5648,0.4305,19.7158
LA CISTERNA,La Cisterna,2019,7.5967,1.0,0.5648,0.5648,0.4305,19.7158
LA CISTERNA,La Cisterna,2020,7.5967,1.0,0.5648,0.5648,0.4305,19.7158
LA CISTERNA,La Cisterna,2021,7.5967,1.0,0.5648,0.5648,0.4305,19.7158
LA CISTERNA,La Cisterna,2022,7.5967,1.0,0.5648,0.5648,0.4305,19.7158
LA CISTERNA,La Cisterna,2023,7.5967,1.0,0.5648,0.5648,0.4305,19.7158
LA CISTERNA,La Cisterna,2024,7.5967,1.0,0.5648,0.5648,0.4305,19.7158
LA FLORIDA,La Florida,1997,7.5533,0.7946,0.2779,0.2779,0.2779,11.9042
LA FLORIDA,La Florida,1998,7.5533,0.7946,0.2779,0.2779,0.2779,11.9042
LA FLORIDA,La Florida,1999,7.5533,0.7946,0.2779,0.2779,0.2779,11.9042
LA FLORIDA,La Florida,2000,7.5533,0.7946,0.2779,0.2779,0.2779,11.9042
LA FLORIDA,La Florida,2001,4.5586,0.1033,0.1033,0.019,0.0,10.0642
LA FLORIDA,La Florida,2002,4.5586,0.1033,0.1033,0.019,0.0,10.0642
LA FLORIDA,La Florida,2003,4.5586,0.1033,0.1033,0.019,0.0,10.0642
LA FLORIDA,La Florida,2004,4.5581,0.1033,0.1033,0.0189,0.0,10.0617
LA FLORIDA,La Florida,2005,4.5581,0.1033,0.1033,0.0189,0.0,10.0617
LA FLORIDA,La Florida,2006,4.5976,0.1033,0.1033,0.0189,0.0,10.9572
LA FLORIDA,La Florida,2007,5.1509,0.1756,0.1756,0.1232,0.1177,9.9472
LA FLORIDA,La Florida,2008,5.1501,0.1755,0.1755,0.1231,0.1177,9.9462
LA FLORIDA,La Florida,2009,5.1501,0.1755,0.1755,0.1231,0.1177,9.9462
LA FLORIDA,La Florida,2010,5.1501,0.1755,0.1755,0.1231,0.1177,9.9462
LA FLORIDA,La Florida,2011,5.1501,0.1755,0.1755,0.1231,0.1177,9.9462
LA FLORIDA,La Florida,2012,5.1501,0.1755,0.1755,0.1231,0.1177,9.9462
LA FLORIDA,La Florida,2013,6.0611,0.3007,0.1768,0.1229,0.1175,10.3625
LA FLORIDA,La Florida,2014,6.0688,0.3027,0.1768,0.1229,0.1175,10.3736
LA FLORIDA,La Florida,2015,6.0688,0.3027,0.1768,0.1229,0.1175,10.3736
LA FLORIDA,La Florida,2016,6.0688,0.3027,0.1768,0.1229,0.1175,10.3736
LA FLORIDA,La Florida,2017,6.0698,0.3029,0.1768,0.1229,0.1174,10.376
LA FLORIDA,La Florida,2018,6.0698,0.3029,0.1768,0.1229,0.1174,10.376
LA FLORIDA,La Florida,2019,6.0698,0.3029,0.1768,0.1229,0.1174,10.376
LA FLORIDA,La Florida,2020,6.0698,0.3029,0.1768,0.1229,0.1174,10.376
LA FLORIDA,La Florida,2021,6.0698,0.3029,0.1768,0.1229,0.1174,10.376
LA FLORIDA,La Florida,2022,6.0698,0.3029,0.1768,0.1229,0.1174,10.376
LA FLORIDA,La Florida,2023,6.0698,0.3029,0.1768,0.1229,0.1174,10.376
LA FLORIDA,La Florida,2024,6.0698,0.3029,0.1768,0.1229,0.1174,10.376
LA GRANJA,La Granja,1997,9.4634,1.0,1.0,1.0,1.0,8.5337
LA GRANJA,La Granja,1998,9.4634,1.0,1.0,1.0,1.0,8.5337
LA GRANJA,La Granja,1999,9.4634,1.0,1.0,1.0,1.0,8.5337
LA GRANJA,La Granja,2000,9.4634,1.0,1.0,1.0,1.0,8.5337
LA GRANJA,La Granja,2001,9.4634,1.0,1.0,1.0,1.0,8.5337
LA GRANJA,La Granja,2002,9.4634,1.0,1.0,1.0,1.0,8.5337
LA GRANJA,La Granja,2003,9.4634,1.0,1.0,1.0,1.0,8.5337
LA GRANJA,La Granja,2004,9.4634,1.0,1.0,1.0,1.0,8.5337
LA GRANJA,La Granja,2005,9.4634,1.0,1.0,1.0,1.0,8.5337
LA GRANJA,La Granja,2006,9.4634,1.0,1.0,1.0,1.0,8.5337
LA GRANJA,La Granja,2007,9.4634,1.0,1.0,1.0,1.0,8.5337
LA GRANJA,La Granja,2008,9.4634,1.0,1.0,1.0,1.0,8.5337
LA GRANJA,La Granja,2009,9.4634,1.0,1.0,1.0,1.0,8.5337
LA GRANJA,La Granja,2010,9.4649,1.0,1.0,1.0,1.0,8.5295
LA GRANJA,La Granja,2011,9.4649,1.0,1.0,1.0,1.0,8.5295
LA GRANJA,La Granja,2012,7.7228,0.9441,0.2968,0.2968,0.2968,12.8935
LA GRANJA,La Granja,2013,7.7228,0.9441,0.2968,0.2968,0.2968,12.8935
LA GRANJA,La Granja,2014,7.7228,0.9441,0.2968,0.2968,0.2968,12.8935
LA GRANJA,La Granja,2015,7.7303,0.9443,0.2991,0.2991,0.2991,12.8845
LA GRANJA,La Granja,2016,7.7303,0.9443,0.2991,0.2991,0.2991,12.8845
LA GRANJA,La Granja,2017,7.7303,0.9443,0.2991,0.2991,0.2991,12.8845
LA GRANJA,La Granja,2018,7.7303,0.9443,0.2991,0.2991,0.2991,12.8845
LA GRANJA,La Granja,2019,7.7303,0.9443,0.2991,0.2991,0.2991,12.8845
LA GRANJA,La Granja,2020,7.7303,0.9443,0.2991,0.2991,0.2991,12.8845
LA GRANJA,La Granja,2021,7.7303,0.9443,0.2991,0.2991,0.2991,12.8845
LA GRANJA,La Granja,2022,7.7303,0.9443,0.2991,0.2991,0.2991,12.8845
LA GRANJA,La Granja,2023,7.7303,0.9443,0.2991,0.2991,0.2991,12.8845
LA GRANJA,La Granja,2024,7.7303,0.9443,0.2991,0.2991,0.2991,12.8845
LA PINTANA,La Pintana,1997,9.9843,1.0,1.0,1.0,1.0,
LA PINTANA,La Pintana,1998,9.9843,1.0,1.0,1.0,1.0,
LA PINTANA,La Pintana,1999,9.9843,1.0,1.0,1.0,1.0,
LA PINTANA,La Pintana,2000,9.9843,1.0,1.0,1.0,1.0,
LA PINTANA,La Pintana,2001,9.9843,1.0,1.0,1.0,1.0,
LA PINTANA,La Pintana,2002,9.9666,0.9949,0.9949,0.9949,0.9949,10.0
LA PINTANA,La Pintana,2003,9.9666,0.9949,0.9949,0.9949,0.9949,10.0
LA PINTANA,La Pintana,2004,9.9666,0.9949,0.9949,0.9949,0.9949,10.0
LA PINTANA,La Pintana,2005,9.9666,0.9949,0.9949,0.9949,0.9949,10.0
LA PINTANA,La Pintana,2006,9.9666,0.9949,0.9949,0.9949,0.9949,10.0
LA PINTANA,La Pintana,2007,9.9666,0.9949,0.9949,0.9949,0.9949,10.0
LA PINTANA,La Pintana,2008,9.9666,0.9949,0.9949,0.9949,0.9949,10.0
LA PINTANA,La Pintana,2009,9.9666,0.9949,0.9949,0.9949,0.9949,10.0
LA PINTANA,La Pintana,2010,9.9666,0.9949,0.9949,0.9949,0.9949,10.0
LA PINTANA,La Pintana,2011,9.9666,0.9949,0.9949,0.9949,0.9949,10.0
LA PINTANA,La Pintana,2012,9.9666,0.9949,0.9949,0.9949,0.9949,10.0
LA PINTANA,La Pintana,2013,9.8611,0.9965,0.9965,0.9965,0.9965,10.0
LA PINTANA,La Pintana,2014,9.8611,0.9965,0.9965,0.9965,0.9965,10.0
LA PINTANA,La Pintana,2015,9.8611,0.9965,0.9965,0.9965,0.9965,10.0
LA PINTANA,La Pintana,2016,9.8611,0.9965,0.9965,0.9965,0.9965,10.0
LA PINTANA,La Pintana,2017,9.8611,0.9965,0.9965,0.9965,0.9965,10.0
LA PINTANA,La Pintana,2018,9.8611,0.9965,0.9965,0.9965,0.9965,10.0
LA PINTANA,La Pintana,2019,9.5634,0.9388,0.9388,0.9166,0.9166,15.1457
LA PINTANA,La Pintana,2020,9.5634,0.9388,0.9388,0.9166,0.9166,15.1457
LA PINTANA,La Pintana,2021,9.5634,0.9388,0.9388,0.9166,0.9166,15.1457
LA PINTANA,La Pintana,2022,9.5634,0.9388,0.9388,0.9166,0.9166,15.1457
LA PINTANA,La Pintana,2023,9.5634,0.9388,0.9388,0.9166,0.9166,15.1457
LA PINTANA,La Pintana,2024,9.5634,0.9388,0.9388,0.9166,0.9166,15.1457
LA REINA,La Reina,1997,9.0237,0.3649,0.3622,0.3622,0.3622,7.1729
LA REINA,La Reina,1998,9.0237,0.3649,0.3622,0.3622,0.3622,7.1729
LA REINA,La Reina,1999,9.0237,0.3649,0.3622,0.3622,0.3622,7.1729
LA REINA,La Reina,2000,9.0237,0.3649,0.3622,0.3622,0.3622,7.1729
LA REINA,La Reina,2001,3.4361,0.0353,0.0353,0.0353,0.0353,8.8378
LA REINA,La Reina,2002,3.4312,0.0349,0.0349,0.0349,0.0349,8.8397
LA REINA,La Reina,2003,3.4312,0.0349,0.0349,0.0349,0.0349,8.8397
LA REINA,La Reina,2004,3.4312,0.0349,0.0349,0.0349,0.0349,8.8397
LA REINA,La Reina,2005,3.4312,0.0349,0.0349,0.0349,0.0349,8.8397
LA REINA,La Reina,2006,3.4312,0.0349,0.0349,0.0349,0.0349,8.8397
LA REINA,La Reina,2007,3.4312,0.0349,0.0349,0.0349,0.0349,8.8397
LA REINA,La Reina,2008,3.4312,0.0349,0.0349,0.0349,0.0349,8.8397
LA REINA,La Reina,2009,3.4312,0.0349,0.0349,0.0349,0.0349,8.8397
LA REINA,La Reina,2010,4.1023,0.1217,0.0272,0.0091,0.0,10.9789
LA REINA,La Reina,2011,4.1023,0.1217,0.0272,0.0091,0.0,10.9789
LA REINA,La Reina,2012,4.1023,0.1217,0.0272,0.0091,0.0,10.9789
LA REINA,La Reina,2013,4.1023,0.1217,0.0272,0.0091,0.0,10.9789
LA REINA,La Reina,2014,4.1023,0.1217,0.0272,0.0091,0.0,10.9789
LA REINA,La Reina,2015,4.1023,0.1217,0.0272,0.0091,0.0,10.9789
LA REINA,La Reina,2016,4.1023,0.1217,0.0272,0.0091,0.0,10.9789
LA REINA,La Reina,2017,4.1023,0.1217,0.0272,0.0091,0.0,10.9789
LA REINA,La Reina,2018,4.1023,0.1217,0.0272,0.0091,0.0,10.9789
LA REINA,La Reina,2019,4.1023,0.1217,0.0272,0.0091,0.0,10.9789
LA REINA,La Reina,2020,4.1023,0.1217,0.0272,0.0091,0.0,10.9789
LA REINA,La Reina,2021,4.1023,0.1217,0.0272,0.0091,0.0,10.9789
LA REINA,La Reina,2022,4.1023,0.1217,0.0272,0.0091,0.0,10.9789
LA REINA,La Reina,2023,4.1023,0.1217,0.0272,0.0091,0.0,10.9789
LA REINA,La Reina,2024,4.1023,0.1217,0.0272,0.0091,0.0,10.9789
LAS CONDES,Las Condes,1997,5.0822,0.327,0.1571,0.1284,0.1284,11.6345
LAS CONDES,Las Condes,1998,5.0822,0.327,0.1571,0.1284,0.1284,11.6345
LAS CONDES,Las Condes,1999,5.0822,0.327,0.1571,0.1284,0.1284,11.6345
LAS CONDES,Las Condes,2000,5.0822,0.327,0.1571,0.1284,0.1284,11.6345
LAS CONDES,Las Condes,2001,5.0822,0.327,0.1571,0.1284,0.1284,11.6345
LAS CONDES,Las Condes,2002,5.0822,0.327,0.1571,0.1284,0.1284,11.6345
LAS CONDES,Las Condes,2003,5.118,0.3287,0.1636,0.1282,0.127,11.7667
LAS CONDES,Las Condes,2004,5.118,0.3287,0.1636,0.1282,0.127,11.7667
LAS CONDES,Las Condes,2005,5.1422,0.332,0.1671,0.1318,0.1305,11.7707
LAS CONDES,Las Condes,2006,5.1422,0.332,0.1671,0.1318,0.1305,11.7707
LAS CONDES,Las Condes,2007,5.1426,0.3321,0.1672,0.1318,0.1306,11.7713
LAS CONDES,Las Condes,2008,5.1426,0.3321,0.1672,0.1318,0.1306,11.7713
LAS CONDES,Las Condes,2009,5.1426,0.3321,0.1672,0.1318,0.1306,11.7713
LAS CONDES,Las Condes,2010,5.146,0.3301,0.1677,0.1322,0.131,11.7636
LAS CONDES,Las Condes,2011,5.143,0.3309,0.1677,0.1291,0.1279,11.8007
LAS CONDES,Las Condes,2012,5.143,0.3309,0.1677,0.1291,0.1279,11.8007
LAS CONDES,Las Condes,2013,5.143,0.3309,0.1677,0.1291,0.1279,11.8007
LAS CONDES,Las Condes,2014,5.143,0.3309,0.1677,0.1291,0.1279,11.8007
LAS CONDES,Las Condes,2015,5.143,0.3309,0.1677,0.1291,0.1279,11.8007
LAS CONDES,Las Condes,2016,5.143,0.3309,0.1677,0.1291,0.1279,11.8007
LAS CONDES,Las Condes,2017,5.143,0.3309,0.1677,0.1291,0.1279,11.8007
LAS CONDES,Las Condes,2018,5.143,0.3309,0.1677,0.1291,0.1279,11.8007
LAS CONDES,Las Condes,2019,5.143,0.3309,0.1677,0.1291,0.1279,11.8007
LAS CONDES,Las Condes,2020,5.143,0.3309,0.1677,0.1291,0.1279,11.8007
LAS CONDES,Las Condes,2021,5.143,0.3309,0.1677,0.1291,0.1279,11.8007
LAS CONDES,Las Condes,2022,5.143,0.3309,0.1677,0.1291,0.1279,11.8007
LAS CONDES,Las Condes,2023,5.143,0.3309,0.1677,0.1291,0.1279,11.8007
LAS CONDES,Las Condes,2024,5.143,0.3309,0.1677,0.1291,0.1279,11.8007
LO BARNECHEA,Lo Barnechea,1997,7.7156,0.997,0.9587,0.9587,0.9587,10.5542
LO BARNECHEA,Lo Barnechea,1998,7.7156,0.997,0.9587,0.9587,0.9587,10.5542
LO BARNECHEA,Lo Barnechea,1999,7.7156,0.997,0.9587,0.9587,0.9587,10.5542
LO BARNECHEA,Lo Barnechea,2000,7.7156,0.997,0.9587,0.9587,0.9587,10.5542
LO BARNECHEA,Lo Barnechea,2001,7.7156,0.997,0.9587,0.9587,0.9587,10.5542
LO BARNECHEA,Lo Barnechea,2002,4.4024,0.1122,0.0809,0.0809,0.0721,10.708
LO BARNECHEA,Lo Barnechea,2003,4.4024,0.1122,0.0809,0.0809,0.0721,10.708
LO BARNECHEA,Lo Barnechea,2004,4.4872,0.1122,0.0809,0.0809,0.0721,10.9741
LO BARNECHEA,Lo Barnechea,2005,4.4872,0.1122,0.0835,0.0809,0.0721,10.9833
LO BARNECHEA,Lo Barnechea,2006,4.5562,0.1352,0.1065,0.1039,0.0952,10.9833
LO BARNECHEA,Lo Barnechea,2007,4.5562,0.1352,0.1065,0.1039,0.0952,10.9833
LO BARNECHEA,Lo Barnechea,2008,4.5562,0.1352,0.1065,0.1039,0.0952,10.9833
LO BARNECHEA,Lo Barnechea,2009,4.5562,0.1352,0.1065,0.1039,0.0952,10.9833
LO BARNECHEA,Lo Barnechea,2010,4.5562,0.1352,0.1065,0.1039,0.0952,10.9833
LO BARNECHEA,Lo Barnechea,2011,4.5562,0.1352,0.1065,0.1039,0.0952,10.9833
LO BARNECHEA,Lo Barnechea,2012,4.5562,0.1352,0.1065,0.1039,0.0952,10.9833
LO BARNECHEA,Lo Barnechea,2013,4.5541,0.152,0.0856,0.0829,0.0741,11.135
LO BARNECHEA,Lo Barnechea,2014,4.5541,0.152,0.0856,0.0829,0.0741,11.135
LO BARNECHEA,Lo Barnechea,2015,4.5596,0.1532,0.0857,0.083,0.0742,11.1425
LO BARNECHEA,Lo Barnechea,2016,4.5596,0.1532,0.0857,0.083,0.0742,11.1425
LO BARNECHEA,Lo Barnechea,2017,4.5596,0.1532,0.0857,0.083,0.0742,11.1425
LO BARNECHEA,Lo Barnechea,2018,4.5596,0.1532,0.0857,0.083,0.0742,11.1425
LO BARNECHEA,Lo Barnechea,2019,4.5596,0.1532,0.0857,0.083,0.0742,11.1425
LO BARNECHEA,Lo Barnechea,2020,4.5596,0.1532,0.0857,0.083,0.0742,11.1425
LO BARNECHEA,Lo Barnechea,2021,4.5596,0.1532,0.0857,0.083,0.0742,11.1425
LO BARNECHEA,Lo Barnechea,2022,4.5596,0.1532,0.0857,0.083,0.0742,11.1425
LO BARNECHEA,Lo Barnechea,2023,4.5596,0.1532,0.0857,0.083,0.0742,11.1425
LO BARNECHEA,Lo Barnechea,2024,4.5596,0.1532,0.0857,0.083,0.0742,11.1425
LO ESPEJO,Lo Espejo,1997,9.8655,0.0,0.0,0.0,0.0,11.3277
LO ESPEJO,Lo Espejo,1998,9.8655,0.0,0.0,0.0,0.0,11.3277
LO ESPEJO,Lo Espejo,1999,9.8655,0.0,0.0,0.0,0.0,11.3277
LO ESPEJO,Lo Espejo,2000,9.8655,0.0,0.0,0.0,0.0,11.3277
LO ESPEJO,Lo Espejo,2001,9.8655,0.0,0.0,0.0,0.0,11.3277
LO ESPEJO,Lo Espejo,2002,9.8655,0.0,0.0,0.0,0.0,11.3277
LO ESPEJO,Lo Espejo,2003,9.8655,0.0,0.0,0.0,0.0,11.3277
LO ESPEJO,Lo Espejo,2004,9.8655,0.0,0.0,0.0,0.0,11.3277
LO ESPEJO,Lo Espejo,2005,9.8655,0.0,0.0,0.0,0.0,11.3277
LO ESPEJO,Lo Espejo,2006,9.8655,0.0,0.0,0.0,0.0,11.3277
LO ESPEJO,Lo Espejo,2007,9.8655,0.0,0.0,0.0,0.0,11.3277
LO ESPEJO,Lo Espejo,2008,9.8655,0.0,0.0,0.0,0.0,11.3277
LO ESPEJO,Lo Espejo,2009,9.8655,0.0,0.0,0.0,0.0,11.3277
LO ESPEJO,Lo Espejo,2010,9.8655,0.0,0.0,0.0,0.0,11.3277
LO ESPEJO,Lo Espejo,2011,9.8655,0.0,0.0,0.0,0.0,11.3277
LO ESPEJO,Lo Espejo,2012,9.8655,0.0,0.0,0.0,0.0,11.3277
LO ESPEJO,Lo Espejo,2013,9.8655,0.0,0.0,0.0,0.0,11.3277
LO ESPEJO,Lo Espejo,2014,9.8655,0.0,0.0,0.0,0.0,11.3277
LO ESPEJO,Lo Espejo,2015,9.8655,0.0,0.0,0.0,0.0,11.3277
LO ESPEJO,Lo Espejo,2016,9.8655,0.0,0.0,0.0,0.0,11.3277
LO ESPEJO,Lo Espejo,2017,9.8655,0.0,0.0,0.0,0.0,11.3277
LO ESPEJO,Lo Espejo,2018,9.8655,0.0,0.0,0.0,0.0,11.3277
LO ESPEJO,Lo Espejo,2019,9.8655,0.0,0.0,0.0,0.0,11.3277
LO ESPEJO,Lo Espejo,2020,9.8655,0.0,0.0,0.0,0.0,11.3277
LO ESPEJO,Lo Espejo,2021,9.8655,0.0,0.0,0.0,0.0,11.3277
LO ESPEJO,Lo Espejo,2022,9.8655,0.0,0.0,0.0,0.0,11.3277
LO ESPEJO,Lo Espejo,2023,9.8655,0.0,0.0,0.0,0.0,11.3277
LO ESPEJO,Lo Espejo,2024,9.8655,0.0,0.0,0.0,0.0,11.3277
LO PRADO,Lo Prado,1997,12.0,1.0,1.0,1.0,1.0,9.9728
LO PRADO,Lo Prado,1998,12.0,1.0,1.0,1.0,1.0,9.9728
LO PRADO,Lo Prado,1999,12.0,1.0,1.0,1.0,1.0,9.9728
LO PRADO,Lo Prado,2000,12.0,1.0,1.0,1.0,1.0,9.9728
LO PRADO,Lo Prado,2001,12.0,1.0,1.0,1.0,1.0,9.9728
LO PRADO,Lo Prado,2002,12.0,1.0,1.0,1.0,1.0,9.9728
LO PRADO,Lo Prado,2003,12.0,1.0,1.0,1.0,1.0,9.9728
LO PRADO,Lo Prado,2004,12.0,1.0,1.0,1.0,1.0,9.9728
LO PRADO,Lo Prado,2005,12.0,1.0,1.0,1.0,1.0,9.9728
LO PRADO,Lo Prado,2006,12.0,1.0,1.0,1.0,1.0,9.9728
LO PRADO,Lo Prado,2007,12.0,1.0,1.0,1.0,1.0,9.9728
LO PRADO,Lo Prado,2008,12.0,1.0,1.0,1.0,1.0,9.9728
LO PRADO,Lo Prado,2009,8.0585,0.9125,0.4403,0.4403,0.4403,12.9323
LO PRADO,Lo Prado,2010,8.0585,0.9125,0.4403,0.4403,0.4403,12.9323
LO PRADO,Lo Prado,2011,8.0585,0.9125,0.4403,0.4403,0.4403,12.9323
LO PRADO,Lo Prado,2012,8.0585,0.9125,0.4403,0.4403,0.4403,12.9323
LO PRADO,Lo Prado,2013,8.0585,0.9125,0.4403,0.4403,0.4403,12.9323
LO PRADO,Lo Prado,2014,8.0585,0.9125,0.4403,0.4403,0.4403,12.9323
LO PRADO,Lo Prado,2015,8.0585,0.9125,0.4403,0.4403,0.4403,12.9323
LO PRADO,Lo Prado,2016,8.0585,0.9125,0.4403,0.4403,0.4403,12.9323
LO PRADO,Lo Prado,2017,8.0585,0.9125,0.4403,0.4403,0.4403,12.9323
LO PRADO,Lo Prado,2018,8.0585,0.9125,0.4403,0.4403,0.4403,12.9323
LO PRADO,Lo Prado,2019,8.0585,0.9125,0.4403,0.4403,0.4403,12.9323
LO PRADO,Lo Prado,2020,8.0585,0.9125,0.4403,0.4403,0.4403,12.9323
LO PRADO,Lo Prado,2021,8.0585,0.9125,0.4403,0.4403,0.4403,12.9323
LO PRADO,Lo Prado,2022,8.0585,0.9125,0.4403,0.4403,0.4403,12.9323
LO PRADO,Lo Prado,2023,8.0585,0.9125,0.4403,0.4403,0.4403,12.9323
LO PRADO,Lo Prado,2024,8.0585,0.9125,0.4403,0.4403,0.4403,12.9323
MACUL,Macul,1997,4.0502,0.1078,0.1078,0.1078,0.0427,9.0005
MACUL,Macul,1998,4.0502,0.1078,0.1078,0.1078,0.0427,9.0005
MACUL,Macul,1999,4.0502,0.1078,0.1078,0.1078,0.0427,9.0005
MACUL,Macul,2000,4.0502,0.1078,0.1078,0.1078,0.0427,9.0005
MACUL,Macul,2001,4.0502,0.1078,0.1078,0.1078,0.0427,9.0005
MACUL,Macul,2002,4.0502,0.1078,0.1078,0.1078,0.0427,9.0005
MACUL,Macul,2003,4.0502,0.1078,0.1078,0.1078,0.0427,9.0005
MACUL,Macul,2004,7.529,0.5097,0.5097,0.4847,0.0,33.7683
MACUL,Macul,2005,7.529,0.5097,0.5097,0.4847,0.0,33.7683
MACUL,Macul,2006,7.529,0.5097,0.5097,0.4847,0.0,33.7683
MACUL,Macul,2007,7.529,0.5097,0.5097,0.4847,0.0,33.7683
MACUL,Macul,2008,7.529,0.5097,0.5097,0.4847,0.0,33.7683
MACUL,Macul,2009,7.529,0.5097,0.5097,0.4847,0.0,33.7683
MACUL,Macul,2010,7.5292,0.5097,0.5097,0.4848,0.0,33.7672
MACUL,Macul,2011,7.529,0.5097,0.5097,0.4847,0.0,33.7642
MACUL,Macul,2012,7.529,0.5097,0.5097,0.4847,0.0,33.7642
MACUL,Macul,2013,7.529,0.5097,0.5097,0.4847,0.0,33.7642
MACUL,Macul,2014,7.3753,0.4865,0.4865,0.4616,0.0,32.6869
MACUL,Macul,2015,7.3753,0.4865,0.4865,0.4616,0.0,32.6869
MACUL,Macul,2016,7.353,0.4795,0.4782,0.4466,0.0,32.2635
MACUL,Macul,2017,7.353,0.4795,0.4782,0.4466,0.0,32.2635
MACUL,Macul,2018,6.4986,0.4265,0.36,0.3358,0.0,26.9679
MACUL,Macul,2019,6.4986,0.4265,0.36,0.3358,0.0,26.9679
MACUL,Macul,2020,6.4986,0.4265,0.36,0.3358,0.0,26.9679
MACUL,Macul,2021,6.4986,0.4265,0.36,0.3358,0.0,26.9679
MACUL,Macul,2022,5.3595,0.3148,0.1914,0.15,0.0,18.7881
MACUL,Macul,2023,5.3595,0.3148,0.1914,0.15,0.0,18.7881
MACUL,Macul,2024,5.3595,0.3148,0.1914,0.15,0.0,18.7881
MAIPU,Maipú,1997,9.6126,0.7826,0.7826,0.7826,0.7826,11.6873
MAIPU,Maipú,1998,9.6126,0.7826,0.7826,0.7826,0.7826,11.6873
MAIPU,Maipú,1999,9.6126,0.7826,0.7826,0.7826,0.7826,11.6873
MAIPU,Maipú,2000,9.6126,0.7826,0.7826,0.7826,0.7826,11.6873
MAIPU,Maipú,2001,9.6126,0.7826,0.7826,0.7826,0.7826,11.6873
MAIPU,Maipú,2002,9.6126,0.7826,0.7826,0.7826,0.7826,11.6873
MAIPU,Maipú,2003,9.6126,0.7826,0.7826,0.7826,0.7826,11.6873
MAIPU,Maipú,2004,5.1104,0.1554,0.0672,0.0629,0.0629,11.0758
MAIPU,Maipú,2005,5.1104,0.1554,0.0672,0.0629,0.0629,11.0758
MAIPU,Maipú,2006,5.1104,0.1554,0.0672,0.0629,0.0629,11.0758
MAIPU,Maipú,2007,5.1105,0.1556,0.0673,0.063,0.063,11.0758
MAIPU,Maipú,2008,5.1105,0.1556,0.0673,0.063,0.063,11.0758
MAIPU,Maipú,2009,5.1105,0.1556,0.0673,0.063,0.063,11.0758
MAIPU,Maipú,2010,5.1105,0.1556,0.0673,0.063,0.063,11.0758
MAIPU,Maipú,2011,5.1105,0.1556,0.0673,0.063,0.063,11.0758
MAIPU,Maipú,2012,5.1051,0.1551,0.0674,0.0631,0.0631,11.0688
MAIPU,Maipú,2013,5.1051,0.1551,0.0674,0.0631,0.0631,11.0688
MAIPU,Maipú,2014,5.1051,0.1551,0.0674,0.0631,0.0631,11.0688
MAIPU,Maipú,2015,5.1051,0.1551,0.0674,0.0631,0.0631,11.0688
MAIPU,Maipú,2016,5.1051,0.1551,0.0674,0.0631,0.0631,11.0688
MAIPU,Maipú,2017,5.1051,0.1551,0.0674,0.0631,0.0631,11.0688
MAIPU,Maipú,2018,5.1051,0.1551,0.0674,0.0631,0.0631,11.0688
MAIPU,Maipú,2019,5.1051,0.1551,0.0674,0.0631,0.0631,11.0688
MAIPU,Maipú,2020,5.1051,0.1551,0.0674,0.0631,0.0631,11.0688
MAIPU,Maipú,2021,5.1051,0.1551,0.0674,0.0631,0.0631,11.0688
MAIPU,Maipú,2022,5.1051,0.1551,0.0674,0.0631,0.0631,11.0688
MAIPU,Maipú,2023,5.1051,0.1551,0.0674,0.0631,0.0631,11.0688
MAIPU,Maipú,2024,5.042,0.1551,0.0617,0.0,0.0,12.055
PEDRO AGUIRRE CERDA,Pedro Aguirre Cerda,1997,10.2674,0.8091,0.8091,0.8091,0.8078,9.108
PEDRO AGUIRRE CERDA,Pedro Aguirre Cerda,1998,10.2674,0.8091,0.8091,0.8091,0.8078,9.108
PEDRO AGUIRRE CERDA,Pedro Aguirre Cerda,1999,10.2674,0.8091,0.8091,0.8091,0.8078,9.108
PEDRO AGUIRRE CERDA,Pedro Aguirre Cerda,2000,10.2674,0.8091,0.8091,0.8091,0.8078,9.108
PEDRO AGUIRRE CERDA,Pedro Aguirre Cerda,2001,10.2674,0.8091,0.8091,0.8091,0.8078,9.108
PEDRO AGUIRRE CERDA,Pedro Aguirre Cerda,2002,10.2674,0.8091,0.8091,0.8091,0.8078,9.108
PEDRO AGUIRRE CERDA,Pedro Aguirre Cerda,2003,10.2681,0.8086,0.8086,0.8086,0.8073,9.1041
PEDRO AGUIRRE CERDA,Pedro Aguirre Cerda,2004,10.2681,0.8086,0.8086,0.8086,0.8073,9.1041
PEDRO AGUIRRE CERDA,Pedro Aguirre Cerda,2005,10.2681,0.8086,0.8086,0.8086,0.8073,9.1041
PEDRO AGUIRRE CERDA,Pedro Aguirre Cerda,2006,10.2681,0.8086,0.8086,0.8086,0.8073,9.1041
PEDRO AGUIRRE CERDA,Pedro Aguirre Cerda,2007,10.2681,0.8086,0.8086,0.8086,0.8073,9.1041
PEDRO AGUIRRE CERDA,Pedro Aguirre Cerda,2008,10.2681,0.8086,0.8086,0.8086,0.8073,9.1041
PEDRO AGUIRRE CERDA,Pedro Aguirre Cerda,2009,10.2681,0.8086,0.8086,0.8086,0.8073,9.1041
PEDRO AGUIRRE CERDA,Pedro Aguirre Cerda,2010,10.2681,0.8086,0.8086,0.8086,0.8073,9.1041
PEDRO AGUIRRE CERDA,Pedro Aguirre Cerda,2011,10.2681,0.8086,0.8086,0.8086,0.8073,9.1041
PEDRO AGUIRRE CERDA,Pedro Aguirre Cerda,2012,10.2681,0.8086,0.8086,0.8086,0.8073,9.1041
PEDRO AGUIRRE CERDA,Pedro Aguirre Cerda,2013,10.2681,0.8086,0.8086,0.8086,0.8073,9.1041
PEDRO AGUIRRE CERDA,Pedro Aguirre Cerda,2014,10.2681,0.8086,0.8086,0.8086,0.8073,9.1041
PEDRO AGUIRRE CERDA,Pedro Aguirre Cerda,2015,10.2674,0.8091,0.8091,0.8091,0.8078,9.108
PEDRO AGUIRRE CERDA,Pedro Aguirre Cerda,2016,10.2674,0.8091,0.8091,0.8091,0.8078,9.108
PEDRO AGUIRRE CERDA,Pedro Aguirre Cerda,2017,10.2674,0.8091,0.8091,0.8091,0.8078,9.108
PEDRO AGUIRRE CERDA,Pedro Aguirre Cerda,2018,9.6881,0.8091,0.8091,0.8091,0.8078,9.108
PEDRO AGUIRRE CERDA,Pedro Aguirre Cerda,2019,9.6881,0.8091,0.8091,0.8091,0.8078,9.108
PEDRO AGUIRRE CERDA,Pedro Aguirre Cerda,2020,9.6881,0.8091,0.8091,0.8091,0.8078,9.108
PEDRO AGUIRRE CERDA,Pedro Aguirre Cerda,2021,9.6881,0.8091,0.8091,0.8091,0.8078,9.108
PEDRO AGUIRRE CERDA,Pedro Aguirre Cerda,2022,9.6881,0.8091,0.8091,0.8091,0.8078,9.108
PEDRO AGUIRRE CERDA,Pedro Aguirre Cerda,2023,9.6881,0.8091,0.8091,0.8091,0.8078,9.108
PEDRO AGUIRRE CERDA,Pedro Aguirre Cerda,2024,9.6881,0.8091,0.8091,0.8091,0.8078,9.108
PENALOLEN,Peñalolén,1997,8.0878,0.9908,0.9908,0.9908,0.9908,8.2055
PENALOLEN,Peñalolén,1998,8.0878,0.9908,0.9908,0.9908,0.9908,8.2055
PENALOLEN,Peñalolén,1999,7.572,0.9104,0.9104,0.9104,0.9104,8.302
PENALOLEN,Peñalolén,2000,7.572,0.9104,0.9104,0.9104,0.9104,8.302
PENALOLEN,Peñalolén,2001,7.572,0.9104,0.9104,0.9104,0.9104,8.302
PENALOLEN,Peñalolén,2002,7.5214,0.9158,0.868,0.832,0.8201,10.4977
PENALOLEN,Peñalolén,2003,7.5214,0.9158,0.868,0.832,0.8201,10.4977
PENALOLEN,Peñalolén,2004,7.5279,0.9172,0.8693,0.8334,0.8215,10.4926
PENALOLEN,Peñalolén,2005,7.4951,0.908,0.8604,0.8246,0.8128,10.4901
PENALOLEN,Peñalolén,2006,7.4951,0.908,0.8604,0.8246,0.8128,10.4901
PENALOLEN,Peñalolén,2007,7.5044,0.9106,0.863,0.8273,0.8155,10.4865
PENALOLEN,Peñalolén,2008,7.5044,0.9106,0.863,0.8273,0.8155,10.4865
PENALOLEN,Peñalolén,2009,7.5044,0.9106,0.863,0.8273,0.8155,10.4865
PENALOLEN,Peñalolén,2010,7.5044,0.9106,0.863,0.8273,0.8155,10.4865
PENALOLEN,Peñalolén,2011,7.5044,0.9106,0.863,0.8273,0.8155,10.4865
PENALOLEN,Peñalolén,2012,7.5044,0.9106,0.863,0.8273,0.8155,10.4865
PENALOLEN,Peñalolén,2013,7.5044,0.9106,0.863,0.8273,0.8155,10.4865
PENALOLEN,Peñalolén,2014,7.507,0.9107,0.8633,0.8276,0.8158,10.4865
PENALOLEN,Peñalolén,2015,7.507,0.9107,0.8633,0.8276,0.8158,10.4865
PENALOLEN,Peñalolén,2016,7.507,0.9107,0.8633,0.8276,0.8158,10.4865
PENALOLEN,Peñalolén,2017,6.2336,0.8315,0.6274,0.591,0.5789,10.9515
PENALOLEN,Peñalolén,2018,6.2336,0.8315,0.6274,0.591,0.5789,10.9515
PENALOLEN,Peñalolén,2019,6.2336,0.8315,0.6274,0.591,0.5789,10.9515
PENALOLEN,Peñalolén,2020,6.2336,0.8315,0.6274,0.591,0.5789,10.9515
PENALOLEN,Peñalolén,2021,6.2336,0.8315,0.6274,0.591,0.5789,10.9515
PENALOLEN,Peñalolén,2022,6.2336,0.8315,0.6274,0.591,0.5789,10.9515
PENALOLEN,Peñalolén,2023,6.2336,0.8315,0.6274,0.591,0.5789,10.9515
PENALOLEN,Peñalolén,2024,6.2336,0.8315,0.6274,0.591,0.5789,10.9515
PROVIDENCIA,Providencia,1997,7.7927,0.7157,0.5351,0.5351,0.5351,14.1139
PROVIDENCIA,Providencia,1998,7.7927,0.7157,0.5351,0.5351,0.5351,14.1139
PROVIDENCIA,Providencia,1999,7.7927,0.7157,0.5351,0.5351,0.5351,14.1139
PROVIDENCIA,Providencia,2000,7.7927,0.7157,0.5351,0.5351,0.5351,14.1139
PROVIDENCIA,Providencia,2001,7.7844,0.7197,0.5312,0.5312,0.5312,14.1969
PROVIDENCIA,Providencia,2002,7.7844,0.7197,0.5312,0.5312,0.5312,14.1969
PROVIDENCIA,Providencia,2003,7.7844,0.7197,0.5312,0.5312,0.5312,14.1969
PROVIDENCIA,Providencia,2004,7.7844,0.7197,0.5312,0.5312,0.5312,14.1969
PROVIDENCIA,Providencia,2005,7.7844,0.7197,0.5312,0.5312,0.5312,14.1969
PROVIDENCIA,Providencia,2006,7.7844,0.7197,0.5312,0.5312,0.5312,14.1969
PROVIDENCIA,Providencia,2007,9.3002,0.9305,0.7077,0.3513,0.0631,24.5261
PROVIDENCIA,Providencia,2008,9.3002,0.9305,0.7077,0.3513,0.0631,24.5261
PROVIDENCIA,Providencia,2009,9.3002,0.9305,0.7077,0.3513,0.0631,24.5261
PROVIDENCIA,Providencia,2010,9.3002,0.9305,0.7077,0.3513,0.0631,24.5261
PROVIDENCIA,Providencia,2011,9.3002,0.9305,0.7077,0.3513,0.0631,24.5261
PROVIDENCIA,Providencia,2012,9.3002,0.9305,0.7077,0.3513,0.0631,24.5261
PROVIDENCIA,Providencia,2013,9.3002,0.9305,0.7077,0.3513,0.0631,24.5261
PROVIDENCIA,Providencia,2014,9.2454,0.9112,0.6904,0.3534,0.0635,24.3034
PROVIDENCIA,Providencia,2015,8.6632,0.7181,0.5987,0.3345,0.063,22.0641
PROVIDENCIA,Providencia,2016,8.577,0.7193,0.5839,0.3241,0.0611,21.8524
PROVIDENCIA,Providencia,2017,8.577,0.7193,0.5839,0.3241,0.0611,21.8524
PROVIDENCIA,Providencia,2018,8.577,0.7193,0.5839,0.3241,0.0611,21.8524
PROVIDENCIA,Providencia,2019,8.5736,0.7185,0.5831,0.3242,0.0611,21.8443
PROVIDENCIA,Providencia,2020,8.5736,0.7185,0.5831,0.3242,0.0611,21.8443
PROVIDENCIA,Providencia,2021,8.5736,0.7185,0.5831,0.3242,0.0611,21.8443
PROVIDENCIA,Providencia,2022,8.5736,0.7185,0.5831,0.3242,0.0611,21.8443
PROVIDENCIA,Providencia,2023,8.5736,0.7185,0.5831,0.3242,0.0611,21.8443
PROVIDENCIA,Providencia,2024,8.5736,0.7185,0.5831,0.3242,0.0611,21.8443
PUDAHUEL,Pudahuel,1997,10.8042,1.0,1.0,1.0,1.0,7.0
PUDAHUEL,Pudahuel,1998,10.8042,1.0,1.0,1.0,1.0,7.0
PUDAHUEL,Pudahuel,1999,10.8042,1.0,1.0,1.0,1.0,7.0
PUDAHUEL,Pudahuel,2000,10.8042,1.0,1.0,1.0,1.0,7.0
PUDAHUEL,Pudahuel,2001,10.8042,1.0,1.0,1.0,1.0,7.0
PUDAHUEL,Pudahuel,2002,10.8042,1.0,1.0,1.0,1.0,7.0
PUDAHUEL,Pudahuel,2003,10.8042,1.0,1.0,1.0,1.0,7.0
PUDAHUEL,Pudahuel,2004,10.7971,1.0,1.0,1.0,1.0,7.0
PUDAHUEL,Pudahuel,2005,10.7971,1.0,1.0,1.0,1.0,7.0
PUDAHUEL,Pudahuel,2006,10.7971,1.0,1.0,1.0,1.0,7.0
PUDAHUEL,Pudahuel,2007,10.7971,1.0,1.0,1.0,1.0,7.0
PUDAHUEL,Pudahuel,2008,10.7971,1.0,1.0,1.0,1.0,7.0
PUDAHUEL,Pudahuel,2009,10.7971,1.0,1.0,1.0,1.0,7.0
PUDAHUEL,Pudahuel,2010,10.7794,1.0,1.0,1.0,1.0,7.0
PUDAHUEL,Pudahuel,2011,10.7794,1.0,1.0,1.0,1.0,7.0
PUDAHUEL,Pudahuel,2012,10.7794,1.0,1.0,1.0,1.0,7.0
PUDAHUEL,Pudahuel,2013,10.7794,1.0,1.0,1.0,1.0,7.0
PUDAHUEL,Pudahuel,2014,10.7794,1.0,1.0,1.0,1.0,7.0
PUDAHUEL,Pudahuel,2015,10.7794,1.0,1.0,1.0,1.0,7.0
PUDAHUEL,Pudahuel,2016,10.7794,1.0,1.0,1.0,1.0,7.0
PUDAHUEL,Pudahuel,2017,10.7794,1.0,1.0,1.0,1.0,7.0
PUDAHUEL,Pudahuel,2018,10.7794,1.0,1.0,1.0,1.0,7.0
PUDAHUEL,Pudahuel,2019,10.7794,1.0,1.0,1.0,1.0,7.0
PUDAHUEL,Pudahuel,2020,10.7794,1.0,1.0,1.0,1.0,7.0
PUDAHUEL,Pudahuel,2021,6.842,0.2754,0.2029,0.1588,0.0993,14.4299
PUDAHUEL,Pudahuel,2022,6.842,0.2754,0.2029,0.1588,0.0993,14.4299
PUDAHUEL,Pudahuel,2023,6.842,0.2754,0.2029,0.1588,0.0993,14.4299
PUDAHUEL,Pudahuel,2024,6.842,0.2754,0.2029,0.1588,0.0993,14.4299
PUENTE ALTO,Puente Alto,1997,9.8528,1.0,1.0,1.0,1.0,
PUENTE ALTO,Puente Alto,1998,9.8528,1.0,1.0,1.0,1.0,
PUENTE ALTO,Puente Alto,1999,9.8528,1.0,1.0,1.0,1.0,
PUENTE ALTO,Puente Alto,2000,9.8528,1.0,1.0,1.0,1.0,
PUENTE ALTO,Puente Alto,2001,9.8528,1.0,1.0,1.0,1.0,
PUENTE ALTO,Puente Alto,2002,9.8535,1.0,1.0,1.0,1.0,
PUENTE ALTO,Puente Alto,2003,5.7454,0.748,0.748,0.748,0.748,11.0059
PUENTE ALTO,Puente Alto,2004,5.7454,0.748,0.748,0.748,0.748,11.0059
PUENTE ALTO,Puente Alto,2005,5.7454,0.748,0.748,0.748,0.748,11.0059
PUENTE ALTO,Puente Alto,2006,5.7454,0.748,0.748,0.748,0.748,11.0059
PUENTE ALTO,Puente Alto,2007,5.7454,0.748,0.748,0.748,0.748,11.0059
PUENTE ALTO,Puente Alto,2008,5.7454,0.748,0.748,0.748,0.748,11.0059
PUENTE ALTO,Puente Alto,2009,5.7456,0.7483,0.7483,0.7483,0.7483,11.0059
PUENTE ALTO,Puente Alto,2010,5.7456,0.7483,0.7483,0.7483,0.7483,11.0059
PUENTE ALTO,Puente Alto,2011,5.7456,0.7483,0.7483,0.7483,0.7483,11.0059
PUENTE ALTO,Puente Alto,2012,5.7459,0.7487,0.7487,0.7487,0.7487,11.0067
PUENTE ALTO,Puente Alto,2013,5.7459,0.7487,0.7487,0.7487,0.7487,11.0067
PUENTE ALTO,Puente Alto,2014,5.7459,0.7487,0.7487,0.7487,0.7487,11.0067
PUENTE ALTO,Puente Alto,2015,5.7459,0.7487,0.7487,0.7487,0.7487,11.0067
PUENTE ALTO,Puente Alto,2016,5.7459,0.7487,0.7487,0.7487,0.7487,11.0067
PUENTE ALTO,Puente Alto,2017,5.7473,0.7492,0.7492,0.7492,0.7492,11.0027
PUENTE ALTO,Puente Alto,2018,5.7473,0.7492,0.7492,0.7492,0.7492,11.0027
PUENTE ALTO,Puente Alto,2019,5.7473,0.7492,0.7492,0.7492,0.7492,11.0027
PUENTE ALTO,Puente Alto,2020,5.7473,0.7492,0.7492,0.7492,0.7492,11.0027
PUENTE ALTO,Puente Alto,2021,5.7473,0.7492,0.7492,0.7492,0.7492,11.0027
PUENTE ALTO,Puente Alto,2022,5.7473,0.7492,0.7492,0.7492,0.7492,11.0027
PUENTE ALTO,Puente Alto,2023,5.7473,0.7492,0.7492,0.7492,0.7492,11.0027
PUENTE ALTO,Puente Alto,2024,5.7473,0.7492,0.7492,0.7492,0.7492,11.0027
QUILICURA,Quilicura,1997,9.9703,1.0,1.0,1.0,1.0,11.3459
QUILICURA,Quilicura,1998,9.9703,1.0,1.0,1.0,1.0,11.3459
QUILICURA,Quilicura,1999,9.9703,1.0,1.0,1.0,1.0,11.3459
QUILICURA,Quilicura,2000,9.9703,1.0,1.0,1.0,1.0,11.3459
QUILICURA,Quilicura,2001,9.9703,1.0,1.0,1.0,1.0,11.3459
QUILICURA,Quilicura,2002,9.9703,1.0,1.0,1.0,1.0,11.3459
QUILICURA,Quilicura,2003,9.9703,1.0,1.0,1.0,1.0,11.3459
QUILICURA,Quilicura,2004,9.9703,1.0,1.0,1.0,1.0,11.3459
QUILICURA,Quilicura,2005,9.9703,1.0,1.0,1.0,1.0,11.3459
QUILICURA,Quilicura,2006,9.9703,1.0,1.0,1.0,1.0,11.3459
QUILICURA,Quilicura,2007,9.9703,1.0,1.0,1.0,1.0,11.3459
QUILICURA,Quilicura,2008,9.9703,1.0,1.0,1.0,1.0,11.3459
QUILICURA,Quilicura,2009,9.9703,1.0,1.0,1.0,1.0,11.3459
QUILICURA,Quilicura,2010,9.9703,1.0,1.0,1.0,1.0,11.3459
QUILICURA,Quilicura,2011,9.9703,1.0,1.0,1.0,1.0,11.3459
QUILICURA,Quilicura,2012,9.9703,1.0,1.0,1.0,1.0,11.3459
QUILICURA,Quilicura,2013,9.9703,1.0,1.0,1.0,1.0,11.3459
QUILICURA,Quilicura,2014,9.9703,1.0,1.0,1.0,1.0,11.3459
QUILICURA,Quilicura,2015,9.9703,1.0,1.0,1.0,1.0,11.3459
QUILICURA,Quilicura,2016,9.9703,1.0,1.0,1.0,1.0,11.3459
QUILICURA,Quilicura,2017,9.9681,1.0,0.9978,0.9978,0.9978,13.8788
QUILICURA,Quilicura,2018,9.9681,1.0,0.9978,0.9978,0.9978,13.8788
QUILICURA,Quilicura,2019,9.9703,1.0,1.0,1.0,1.0,13.8311
QUILICURA,Quilicura,2020,9.9703,1.0,1.0,1.0,1.0,13.8311
QUILICURA,Quilicura,2021,9.9703,1.0,1.0,1.0,1.0,13.8311
QUILICURA,Quilicura,2022,9.9703,1.0,1.0,1.0,1.0,13.8311
QUILICURA,Quilicura,2023,9.9703,1.0,1.0,1.0,1.0,13.8311
QUILICURA,Quilicura,2024,9.9703,1.0,1.0,1.0,1.0,13.8311
QUINTA NORMAL,Quinta Normal,1997,11.9954,1.0,0.9954,0.9954,0.9954,9.4844
QUINTA NORMAL,Quinta Normal,1998,11.9954,1.0,0.9954,0.9954,0.9954,9.4844
QUINTA NORMAL,Quinta Normal,1999,11.9954,1.0,0.9954,0.9954,0.9954,9.4844
QUINTA NORMAL,Quinta Normal,2000,11.9954,1.0,0.9954,0.9954,0.9954,9.4844
QUINTA NORMAL,Quinta Normal,2001,11.9954,1.0,0.9954,0.9954,0.9954,9.4844
QUINTA NORMAL,Quinta Normal,2002,11.9956,1.0,0.9956,0.9956,0.9956,9.8653
QUINTA NORMAL,Quinta Normal,2003,11.9956,1.0,0.9956,0.9956,0.9956,9.8653
QUINTA NORMAL,Quinta Normal,2004,11.9956,1.0,0.9956,0.9956,0.9956,9.8653
QUINTA NORMAL,Quinta Normal,2005,11.9956,1.0,0.9956,0.9956,0.9956,9.8653
QUINTA NORMAL,Quinta Normal,2006,11.9956,1.0,0.9956,0.9956,0.9956,9.8653
QUINTA NORMAL,Quinta Normal,2007,11.9956,1.0,0.9956,0.9956,0.9956,9.8653
QUINTA NORMAL,Quinta Normal,2008,11.9956,1.0,0.9956,0.9956,0.9956,9.8653
QUINTA NORMAL,Quinta Normal,2009,11.9956,1.0,0.9956,0.9956,0.9956,9.8653
QUINTA NORMAL,Quinta Normal,2010,11.9956,1.0,0.9956,0.9956,0.9956,9.8653
QUINTA NORMAL,Quinta Normal,2011,11.9956,1.0,0.9956,0.9956,0.9956,9.8653
QUINTA NORMAL,Quinta Normal,2012,11.9956,1.0,0.9956,0.9956,0.9956,9.8653
QUINTA NORMAL,Quinta Normal,2013,11.9956,1.0,0.9956,0.9956,0.9956,9.8653
QUINTA NORMAL,Quinta Normal,2014,11.9956,1.0,0.9956,0.9956,0.9956,9.8653
QUINTA NORMAL,Quinta Normal,2015,11.9956,1.0,0.9956,0.9956,0.9956,9.8653
QUINTA NORMAL,Quinta Normal,2016,10.0037,0.9797,0.9753,0.6316,0.4733,17.4307
QUINTA NORMAL,Quinta Normal,2017,8.0334,0.7478,0.5699,0.2262,0.0679,18.8472
QUINTA NORMAL,Quinta Normal,2018,8.0334,0.7478,0.5699,0.2262,0.0679,18.8472
QUINTA NORMAL,Quinta Normal,2019,6.7164,0.1858,0.1858,0.0,0.0,10.9149
QUINTA NORMAL,Quinta Normal,2020,6.7164,0.1858,0.1858,0.0,0.0,10.9149
QUINTA NORMAL,Quinta Normal,2021,6.7164,0.1858,0.1858,0.0,0.0,10.9149
QUINTA NORMAL,Quinta Normal,2022,6.7164,0.1858,0.1858,0.0,0.0,10.9149
QUINTA NORMAL,Quinta Normal,2023,6.7164,0.1858,0.1858,0.0,0.0,10.9149
QUINTA NORMAL,Quinta Normal,2024,6.7164,0.1858,0.1858,0.0,0.0,10.9149
RECOLETA,Recoleta,1997,12.0,1.0,1.0,1.0,1.0,13.9773
RECOLETA,Recoleta,1998,12.0,1.0,1.0,1.0,1.0,13.9773
RECOLETA,Recoleta,1999,12.0,1.0,1.0,1.0,1.0,13.9773
RECOLETA,Recoleta,2000,12.0,1.0,1.0,1.0,1.0,13.9773
RECOLETA,Recoleta,2001,12.0,1.0,1.0,1.0,1.0,13.9773
RECOLETA,Recoleta,2002,12.0,1.0,1.0,1.0,1.0,13.9773
RECOLETA,Recoleta,2003,12.0,1.0,1.0,1.0,1.0,13.9773
RECOLETA,Recoleta,2004,12.0,1.0,1.0,1.0,1.0,13.9773
RECOLETA,Recoleta,2005,6.6618,0.597,0.1967,0.1967,0.0,19.1074
RECOLETA,Recoleta,2006,6.6618,0.597,0.1967,0.1967,0.0,19.1074
RECOLETA,Recoleta,2007,6.6618,0.597,0.1967,0.1967,0.0,19.1074
RECOLETA,Recoleta,2008,6.6618,0.597,0.1967,0.1967,0.0,19.1074
RECOLETA,Recoleta,2009,6.6618,0.597,0.1967,0.1967,0.0,19.1074
RECOLETA,Recoleta,2010,6.6618,0.597,0.1967,0.1967,0.0,19.1074
RECOLETA,Recoleta,2011,6.6618,0.597,0.1967,0.1967,0.0,19.1074
RECOLETA,Recoleta,2012,6.6776,0.5993,0.1985,0.1985,0.0,19.1656
RECOLETA,Recoleta,2013,6.6776,0.5993,0.1985,0.1985,0.0,19.1656
RECOLETA,Recoleta,2014,6.6776,0.5993,0.1985,0.1985,0.0,19.1656
RECOLETA,Recoleta,2015,6.6776,0.5993,0.1985,0.1985,0.0,19.1656
RECOLETA,Recoleta,2016,6.6776,0.5993,0.1985,0.1985,0.0,19.1656
RECOLETA,Recoleta,2017,6.6776,0.5993,0.1985,0.1985,0.0,19.1656
RECOLETA,Recoleta,2018,6.678,0.5994,0.1948,0.1948,0.0,19.0895
RECOLETA,Recoleta,2019,6.678,0.5994,0.1948,0.1948,0.0,19.0895
RECOLETA,Recoleta,2020,6.678,0.5994,0.1948,0.1948,0.0,19.0895
RECOLETA,Recoleta,2021,6.678,0.5994,0.1948,0.1948,0.0,19.0895
RECOLETA,Recoleta,2022,6.678,0.5994,0.1948,0.1948,0.0,19.0895
RECOLETA,Recoleta,2023,6.678,0.5994,0.1948,0.1948,0.0,19.0895
RECOLETA,Recoleta,2024,6.678,0.5994,0.1948,0.1948,0.0,19.0895
RENCA,Renca,1997,11.1406,1.0,1.0,1.0,1.0,
RENCA,Renca,1998,11.1406,1.0,1.0,1.0,1.0,
RENCA,Renca,1999,11.1406,1.0,1.0,1.0,1.0,
RENCA,Renca,2000,11.1406,1.0,1.0,1.0,1.0,
RENCA,Renca,2001,11.1437,1.0,1.0,1.0,1.0,
RENCA,Renca,2002,11.1437,1.0,1.0,1.0,1.0,
RENCA,Renca,2003,11.1437,1.0,1.0,1.0,1.0,
RENCA,Renca,2004,11.1437,1.0,1.0,1.0,1.0,
RENCA,Renca,2005,11.1437,1.0,1.0,1.0,1.0,
RENCA,Renca,2006,11.1437,1.0,1.0,1.0,1.0,
RENCA,Renca,2007,11.1437,1.0,1.0,1.0,1.0,
RENCA,Renca,2008,11.1437,1.0,1.0,1.0,1.0,
RENCA,Renca,2009,11.1457,1.0,1.0,1.0,1.0,
RENCA,Renca,2010,11.1457,1.0,1.0,1.0,1.0,
RENCA,Renca,2011,11.1457,1.0,1.0,1.0,1.0,
RENCA,Renca,2012,11.1457,1.0,1.0,1.0,1.0,
RENCA,Renca,2013,11.1457,1.0,1.0,1.0,1.0,
RENCA,Renca,2014,11.1457,1.0,1.0,1.0,1.0,
RENCA,Renca,2015,11.1457,1.0,1.0,1.0,1.0,
RENCA,Renca,2016,11.1457,1.0,1.0,1.0,1.0,
RENCA,Renca,2017,11.1457,1.0,1.0,1.0,1.0,
RENCA,Renca,2018,11.1457,1.0,1.0,1.0,1.0,
RENCA,Renca,2019,11.1457,1.0,1.0,1.0,1.0,
RENCA,Renca,2020,11.1457,1.0,1.0,1.0,1.0,
RENCA,Renca,2021,11.1457,1.0,1.0,1.0,1.0,
RENCA,Renca,2022,7.8912,0.4907,0.0,0.0,0.0,14.6619
RENCA,Renca,2023,7.8912,0.4907,0.0,0.0,0.0,14.6619
RENCA,Renca,2024,7.8912,0.4907,0.0,0.0,0.0,14.6619
SAN BERNARDO,San Bernardo,1997,8.426,0.7414,0.7414,0.7414,0.7414,7.112
SAN BERNARDO,San Bernardo,1998,8.4541,0.7468,0.7468,0.7468,0.7468,7.1176
SAN BERNARDO,San Bernardo,1999,8.4541,0.7468,0.7468,0.7468,0.7468,7.1176
SAN BERNARDO,San Bernardo,2000,8.4541,0.7468,0.7468,0.7468,0.7468,7.1176
SAN BERNARDO,San Bernardo,2001,8.4541,0.7468,0.7468,0.7468,0.7468,7.1176
SAN BERNARDO,San Bernardo,2002,8.4541,0.7468,0.7468,0.7468,0.7468,7.1176
SAN BERNARDO,San Bernardo,2003,8.4541,0.7468,0.7468,0.7468,0.7468,7.1176
SAN BERNARDO,San Bernardo,2004,8.4541,0.7468,0.7468,0.7468,0.7468,7.1176
SAN BERNARDO,San Bernardo,2005,8.4541,0.7468,0.7468,0.7468,0.7468,7.1176
SAN BERNARDO,San Bernardo,2006,4.977,0.2725,0.2725,0.2725,0.2725,7.2692
SAN BERNARDO,San Bernardo,2007,4.977,0.2725,0.2725,0.2725,0.2725,7.2692
SAN BERNARDO,San Bernardo,2008,4.977,0.2725,0.2725,0.2725,0.2725,7.2692
SAN BERNARDO,San Bernardo,2009,4.977,0.2725,0.2725,0.2725,0.2725,7.2692
SAN BERNARDO,San Bernardo,2010,4.977,0.2725,0.2725,0.2725,0.2725,7.2692
SAN BERNARDO,San Bernardo,2011,4.9799,0.2733,0.2733,0.2733,0.2733,7.2702
SAN BERNARDO,San Bernardo,2012,4.9799,0.2733,0.2733,0.2733,0.2733,7.2702
SAN BERNARDO,San Bernardo,2013,4.9799,0.2733,0.2733,0.2733,0.2733,7.2702
SAN BERNARDO,San Bernardo,2014,4.9799,0.2733,0.2733,0.2733,0.2733,7.2702
SAN BERNARDO,San Bernardo,2015,4.9833,0.2733,0.2733,0.2733,0.2733,7.2702
SAN BERNARDO,San Bernardo,2016,4.9833,0.2733,0.2733,0.2733,0.2733,7.2702
SAN BERNARDO,San Bernardo,2017,5.0083,0.2781,0.2741,0.2741,0.2734,7.3666
SAN BERNARDO,San Bernardo,2018,5.0083,0.2781,0.2741,0.2741,0.2734,7.3666
SAN BERNARDO,San Bernardo,2019,5.0083,0.2781,0.2741,0.2741,0.2734,7.3666
SAN BERNARDO,San Bernardo,2020,5.0083,0.2781,0.2741,0.2741,0.2734,7.3666
SAN BERNARDO,San Bernardo,2021,5.0083,0.2781,0.2741,0.2741,0.2734,7.3666
SAN BERNARDO,San Bernardo,2022,5.0083,0.2781,0.2741,0.2741,0.2734,7.3666
SAN BERNARDO,San Bernardo,2023,5.0083,0.2781,0.2741,0.2741,0.2734,7.3666
SAN BERNARDO,San Bernardo,2024,5.0083,0.2781,0.2741,0.2741,0.2734,7.3666
SAN JOAQUIN,San Joaquín,1997,6.4796,0.0158,0.0158,0.0158,0.0158,7.1728
SAN JOAQUIN,San Joaquín,1998,6.4796,0.0158,0.0158,0.0158,0.0158,7.1728
SAN JOAQUIN,San Joaquín,1999,6.4796,0.0158,0.0158,0.0158,0.0158,7.1728
SAN JOAQUIN,San Joaquín,2000,9.1591,1.0,1.0,1.0,1.0,7.3311
SAN JOAQUIN,San Joaquín,2001,9.1591,1.0,1.0,1.0,1.0,7.3311
SAN JOAQUIN,San Joaquín,2002,9.1795,1.0,1.0,1.0,1.0,7.3441
SAN JOAQUIN,San Joaquín,2003,9.1936,1.0,1.0,1.0,1.0,7.2858
SAN JOAQUIN,San Joaquín,2004,9.1949,1.0,1.0,1.0,1.0,7.2846
SAN JOAQUIN,San Joaquín,2005,9.4224,1.0,1.0,1.0,1.0,7.179
SAN JOAQUIN,San Joaquín,2006,9.4224,1.0,1.0,1.0,1.0,7.179
SAN JOAQUIN,San Joaquín,2007,9.4232,1.0,1.0,1.0,1.0,7.1791
SAN JOAQUIN,San Joaquín,2008,9.4232,1.0,1.0,1.0,1.0,7.1791
SAN JOAQUIN,San Joaquín,2009,9.4232,1.0,1.0,1.0,1.0,7.1791
SAN JOAQUIN,San Joaquín,2010,9.4232,1.0,1.0,1.0,1.0,7.1791
SAN JOAQUIN,San Joaquín,2011,9.4246,1.0,1.0,1.0,1.0,7.1791
SAN JOAQUIN,San Joaquín,2012,9.4246,1.0,1.0,1.0,1.0,7.1791
SAN JOAQUIN,San Joaquín,2013,9.4246,1.0,1.0,1.0,1.0,7.1791
SAN JOAQUIN,San Joaquín,2014,9.0276,0.911,0.911,0.911,0.8895,9.1767
SAN JOAQUIN,San Joaquín,2015,9.0276,0.911,0.911,0.911,0.8895,9.1767
SAN JOAQUIN,San Joaquín,2016,9.0382,0.911,0.911,0.911,0.8895,9.2247
SAN JOAQUIN,San Joaquín,2017,9.0382,0.911,0.911,0.911,0.8895,9.2247
SAN JOAQUIN,San Joaquín,2018,9.0382,0.911,0.911,0.911,0.8895,9.2247
SAN JOAQUIN,San Joaquín,2019,6.814,0.3119,0.2704,0.1374,0.0,14.2581
SAN JOAQUIN,San Joaquín,2020,6.814,0.3119,0.2704,0.1374,0.0,14.2581
SAN JOAQUIN,San Joaquín,2021,6.814,0.3119,0.2704,0.1374,0.0,14.2581
SAN JOAQUIN,San Joaquín,2022,6.814,0.3119,0.2704,0.1374,0.0,14.2581
SAN JOAQUIN,San Joaquín,2023,6.814,0.3119,0.2704,0.1374,0.0,14.2581
SAN JOAQUIN,San Joaquín,2024,6.814,0.3119,0.2704,0.1374,0.0,14.2581
SAN MIGUEL,San Miguel,1997,10.0386,1.0,1.0,1.0,1.0,7.6339
SAN MIGUEL,San Miguel,1998,10.0386,1.0,1.0,1.0,1.0,7.6339
SAN MIGUEL,San Miguel,1999,10.0386,1.0,1.0,1.0,1.0,7.6339
SAN MIGUEL,San Miguel,2000,10.0386,1.0,1.0,1.0,1.0,7.6339
SAN MIGUEL,San Miguel,2001,10.0386,1.0,1.0,1.0,1.0,7.6339
SAN MIGUEL,San Miguel,2002,10.0386,1.0,1.0,1.0,1.0,7.6339
SAN MIGUEL,San Miguel,2003,10.0386,1.0,1.0,1.0,1.0,7.6339
SAN MIGUEL,San Miguel,2004,10.0386,1.0,1.0,1.0,1.0,7.6339
SAN MIGUEL,San Miguel,2005,11.0,1.0,1.0,1.0,1.0,10.451
SAN MIGUEL,San Miguel,2006,11.0,1.0,1.0,1.0,1.0,10.6034
SAN MIGUEL,San Miguel,2007,11.0,1.0,1.0,1.0,1.0,10.6034
SAN MIGUEL,San Miguel,2008,11.0,1.0,1.0,1.0,1.0,10.6034
SAN MIGUEL,San Miguel,2009,11.0,1.0,1.0,1.0,1.0,10.3813
SAN MIGUEL,San Miguel,2010,11.0,1.0,1.0,1.0,1.0,10.3813
SAN MIGUEL,San Miguel,2011,11.0,1.0,1.0,1.0,1.0,10.3813
SAN MIGUEL,San Miguel,2012,11.0,1.0,1.0,1.0,1.0,10.3813
SAN MIGUEL,San Miguel,2013,11.0,1.0,1.0,1.0,1.0,10.3813
SAN MIGUEL,San Miguel,2014,10.9493,1.0,0.9993,0.9993,0.9993,10.4688
SAN MIGUEL,San Miguel,2015,10.9493,1.0,0.9993,0.9993,0.9993,10.4688
SAN MIGUEL,San Miguel,2016,8.1246,1.0,0.4335,0.0648,0.0648,19.3765
SAN MIGUEL,San Miguel,2017,8.1246,1.0,0.4335,0.0648,0.0648,19.3765
SAN MIGUEL,San Miguel,2018,8.1246,1.0,0.4335,0.0648,0.0648,19.3765
SAN MIGUEL,San Miguel,2019,8.1246,1.0,0.4335,0.0648,0.0648,19.3765
SAN MIGUEL,San Miguel,2020,8.1246,1.0,0.4335,0.0648,0.0648,19.3765
SAN MIGUEL,San Miguel,2021,8.1246,1.0,0.4335,0.0648,0.0648,19.3765
SAN MIGUEL,San Miguel,2022,8.1246,1.0,0.4335,0.0648,0.0648,19.3765
SAN MIGUEL,San Miguel,2023,8.1246,1.0,0.4335,0.0648,0.0648,19.3765
SAN MIGUEL,San Miguel,2024,8.1246,1.0,0.4335,0.0648,0.0648,19.3765
SAN RAMÓN,San Ramón,1997,12.0,1.0,1.0,1.0,1.0,
SAN RAMÓN,San Ramón,1998,12.0,1.0,1.0,1.0,1.0,
SAN RAMÓN,San Ramón,1999,12.0,1.0,1.0,1.0,1.0,
SAN RAMÓN,San Ramón,2000,12.0,1.0,1.0,1.0,1.0,
SAN RAMÓN,San Ramón,2001,12.0,1.0,1.0,1.0,1.0,
SAN RAMÓN,San Ramón,2002,12.0,1.0,1.0,1.0,1.0,
SAN RAMÓN,San Ramón,2003,12.0,1.0,1.0,1.0,1.0,
SAN RAMÓN,San Ramón,2004,12.0,1.0,1.0,1.0,1.0,
SAN RAMÓN,San Ramón,2005,12.0,1.0,1.0,1.0,1.0,
SAN RAMÓN,San Ramón,2006,12.0,1.0,1.0,1.0,1.0,
SAN RAMÓN,San Ramón,2007,12.0,1.0,1.0,1.0,1.0,
SAN RAMÓN,San Ramón,2008,12.0,1.0,1.0,1.0,1.0,
SAN RAMÓN,San Ramón,2009,12.0,1.0,1.0,1.0,1.0,
SAN RAMÓN,San Ramón,2010,12.0,1.0,1.0,1.0,1.0,
SAN RAMÓN,San Ramón,2011,12.0,1.0,1.0,1.0,1.0,
SAN RAMÓN,San Ramón,2012,12.0,1.0,1.0,1.0,1.0,
SAN RAMÓN,San Ramón,2013,12.0,1.0,1.0,1.0,1.0,
SAN RAMÓN,San Ramón,2014,12.0,1.0,1.0,1.0,1.0,
SAN RAMÓN,San Ramón,2015,12.0,1.0,1.0,1.0,1.0,
SAN RAMÓN,San Ramón,2016,12.0,1.0,1.0,1.0,1.0,
SAN RAMÓN,San Ramón,2017,12.0,1.0,1.0,1.0,1.0,
SAN RAMÓN,San Ramón,2018,12.0,1.0,1.0,1.0,1.0,
SAN RAMÓN,San Ramón,2019,12.0,1.0,1.0,1.0,1.0,
SAN RAMÓN,San Ramón,2020,12.0,1.0,1.0,1.0,1.0,
SAN RAMÓN,San Ramón,2021,12.0,1.0,1.0,1.0,1.0,
SAN RAMÓN,San Ramón,2022,12.0,1.0,1.0,1.0,1.0,
SAN RAMÓN,San Ramón,2023,12.0,1.0,1.0,1.0,1.0,
SAN RAMÓN,San Ramón,2024,12.0,1.0,1.0,1.0,1.0,
SANTIAGO,Santiago,1997,11.9144,0.9971,0.9585,0.956,0.9427,17.1553
SANTIAGO,Santiago,1998,11.9185,0.9971,0.9606,0.9581,0.9447,17.1994
SANTIAGO,Santiago,1999,11.9185,0.9971,0.9606,0.9581,0.9447,17.1994
SANTIAGO,Santiago,2000,11.9155,0.9971,0.9607,0.9582,0.9416,17.2594
SANTIAGO,Santiago,2001,11.9155,0.9971,0.9607,0.9582,0.9416,17.2594
SANTIAGO,Santiago,2002,11.8806,0.9971,0.9476,0.9404,0.9188,17.1032
SANTIAGO,Santiago,2003,11.251,0.7782,0.6814,0.662,0.6272,17.392
SANTIAGO,Santiago,2004,11.251,0.7782,0.6814,0.662,0.6272,17.392
SANTIAGO,Santiago,2005,11.251,0.7782,0.6814,0.662,0.6272,17.392
SANTIAGO,Santiago,2006,11.248,0.8131,0.6813,0.6617,0.6246,17.6462
SANTIAGO,Santiago,2007,11.248,0.8131,0.6813,0.6617,0.6246,17.6462
SANTIAGO,Santiago,2008,11.227,0.8198,0.7128,0.6956,0.6343,17.5979
SANTIAGO,Santiago,2009,11.227,0.8198,0.7128,0.6956,0.6343,17.5979
SANTIAGO,Santiago,2010,11.2248,0.8193,0.7128,0.6957,0.6321,17.6365
SANTIAGO,Santiago,2011,11.0926,0.8255,0.6994,0.6321,0.5668,18.2701
SANTIAGO,Santiago,2012,10.7934,0.8423,0.6717,0.5846,0.5174,18.5174
SANTIAGO,Santiago,2013,10.7934,0.8423,0.6717,0.5846,0.5174,18.5174
SANTIAGO,Santiago,2014,9.9817,0.8176,0.5634,0.3768,0.3058,19.8598
SANTIAGO,Santiago,2015,10.0034,0.7993,0.5503,0.3773,0.3078,19.5345
SANTIAGO,Santiago,2016,10.0095,0.8046,0.5544,0.38,0.3105,19.5824
SANTIAGO,Santiago,2017,10.0095,0.8046,0.5544,0.38,0.3105,19.5824
SANTIAGO,Santiago,2018,9.9803,0.7915,0.5554,0.383,0.3199,19.192
SANTIAGO,Santiago,2019,9.9803,0.7915,0.5554,0.383,0.3199,19.192
SANTIAGO,Santiago,2020,9.9803,0.7915,0.5554,0.383,0.3199,19.192
SANTIAGO,Santiago,2021,9.9662,0.7869,0.5554,0.383,0.3199,19.1335
SANTIAGO,Santiago,2022,9.9662,0.7869,0.5554,0.383,0.3199,19.1335
SANTIAGO,Santiago,2023,9.9662,0.7869,0.5554,0.383,0.3199,19.1335
SANTIAGO,Santiago,2024,9.9662,0.7869,0.5554,0.383,0.3199,19.1335
VITACURA,Vitacura,1997,8.5967,0.5327,0.0,0.0,0.0,12.3031
VITACURA,Vitacura,1998,8.5967,0.5327,0.0,0.0,0.0,12.3031
VITACURA,Vitacura,1999,3.6509,0.2435,0.1311,0.0393,0.0125,11.8356
VITACURA,Vitacura,2000,3.6509,0.2435,0.1311,0.0393,0.0125,11.8356
VITACURA,Vitacura,2001,3.6509,0.2435,0.1311,0.0393,0.0125,11.8356
VITACURA,Vitacura,2002,3.651,0.2435,0.1311,0.0393,0.0125,11.8364
VITACURA,Vitacura,2003,3.6561,0.2462,0.1309,0.0394,0.0125,11.8486
VITACURA,Vitacura,2004,3.6561,0.2462,0.1309,0.0394,0.0125,11.8486
VITACURA,Vitacura,2005,3.6561,0.2462,0.1309,0.0394,0.0125,11.8486
VITACURA,Vitacura,2006,3.6812,0.2609,0.1313,0.0441,0.0137,11.9831
VITACURA,Vitacura,2007,3.6896,0.2636,0.1344,0.044,0.0136,12.0291
VITACURA,Vitacura,2008,3.6896,0.2636,0.1344,0.044,0.0136,12.0291
VITACURA,Vitacura,2009,3.6905,0.2637,0.1346,0.0442,0.0139,12.0272
VITACURA,Vitacura,2010,3.6725,0.2445,0.135,0.0444,0.0139,11.9262
VITACURA,Vitacura,2011,3.6722,0.2444,0.135,0.0444,0.0139,11.9249
VITACURA,Vitacura,2012,3.6787,0.2477,0.135,0.0444,0.0139,11.943
VITACURA,Vitacura,2013,3.6741,0.246,0.134,0.0441,0.0138,11.9193
VITACURA,Vitacura,2014,3.6741,0.246,0.134,0.0441,0.0138,11.9193
VITACURA,Vitacura,2015,3.6741,0.246,0.134,0.0441,0.0138,11.9193
VITACURA,Vitacura,2016,3.6409,0.2338,0.1274,0.0419,0.0132,11.7484
VITACURA,Vitacura,2017,3.6409,0.2338,0.1274,0.0419,0.0132,11.7484
VITACURA,Vitacura,2018,3.808,0.2822,0.1672,0.0662,0.0186,12.7467
VITACURA,Vitacura,2019,4.4352,0.3661,0.2608,0.0617,0.0163,14.2211
VITACURA,Vitacura,2020,4.4352,0.3661,0.2608,0.0617,0.0163,14.2211
VITACURA,Vitacura,2021,4.4352,0.3661,0.2608,0.0617,0.0163,14.2211
VITACURA,Vitacura,2022,4.4352,0.3661,0.2608,0.0617,0.0163,14.2211
VITACURA,Vitacura,2023,4.4352,0.3661,0.2608,0.0617,0.0163,14.2211
VITACURA,Vitacura,2024,4.4352,0.3661,0.2608,0.0617,0.0163,14.2211
ÑUÑOA,Ñuñoa,1997,9.3638,1.0,0.4566,0.4566,0.4566,14.0
ÑUÑOA,Ñuñoa,1998,9.3645,1.0,0.4569,0.4569,0.4569,14.0
ÑUÑOA,Ñuñoa,1999,9.3645,1.0,0.4569,0.4569,0.4569,14.0
ÑUÑOA,Ñuñoa,2000,9.3645,1.0,0.4569,0.4569,0.4569,14.0
ÑUÑOA,Ñuñoa,2001,9.3642,1.0,0.4573,0.4573,0.4565,14.0285
ÑUÑOA,Ñuñoa,2002,9.2941,1.0,0.4428,0.4428,0.442,14.0285
ÑUÑOA,Ñuñoa,2003,9.2941,1.0,0.4428,0.4428,0.442,14.0285
ÑUÑOA,Ñuñoa,2004,9.3509,1.0,0.4435,0.4435,0.4427,14.354
ÑUÑOA,Ñuñoa,2005,9.3509,1.0,0.4435,0.4435,0.4427,14.354
ÑUÑOA,Ñuñoa,2006,9.3509,1.0,0.4435,0.4435,0.4427,14.354
ÑUÑOA,Ñuñoa,2007,8.6644,1.0,0.3195,0.2917,0.2795,16.5922
ÑUÑOA,Ñuñoa,2008,8.6644,1.0,0.3195,0.2917,0.2795,16.5922
ÑUÑOA,Ñuñoa,2009,8.6644,1.0,0.3195,0.2917,0.2795,16.5922
ÑUÑOA,Ñuñoa,2010,8.6644,1.0,0.3195,0.2917,0.2795,16.5922
ÑUÑOA,Ñuñoa,2011,8.6644,1.0,0.3195,0.2917,0.2795,16.5922
ÑUÑOA,Ñuñoa,2012,8.6644,1.0,0.3195,0.2917,0.2795,16.5922
ÑUÑOA,Ñuñoa,2013,8.6644,1.0,0.3195,0.2917,0.2795,16.5922
ÑUÑOA,Ñuñoa,2014,8.6644,1.0,0.3195,0.2917,0.2795,16.5922
ÑUÑOA,Ñuñoa,2015,8.6644,1.0,0.3195,0.2917,0.2795,16.5922
ÑUÑOA,Ñuñoa,2016,8.6595,0.9975,0.3178,0.29,0.2785,16.5501
ÑUÑOA,Ñuñoa,2017,7.7081,0.5611,0.2595,0.2422,0.2307,12.5577
ÑUÑOA,Ñuñoa,2018,7.6952,0.5593,0.2563,0.239,0.2275,12.5489
ÑUÑOA,Ñuñoa,2019,7.096,0.5773,0.1569,0.0245,0.0,15.0441
ÑUÑOA,Ñuñoa,2020,7.096,0.5773,0.1569,0.0245,0.0,15.0441
ÑUÑOA,Ñuñoa,2021,7.096,0.5773,0.1569,0.0245,0.0,15.0441
ÑUÑOA,Ñuñoa,2022,7.096,0.5773,0.1569,0.0245,0.0,15.0441
ÑUÑOA,Ñuñoa,2023,7.096,0.5773,0.1569,0.0245,0.0,15.0441
ÑUÑOA,Ñuñoa,2024,7.096,0.5773,0.1569,0.0245,0.0,15.0441
